Index,Address,FLAG,Avg time between sent tnx,Avg time between received tnx,Time Diff between first and last (Mins),Sent tnx,Received Tnx,Number of Created Contracts,Unique Received From Addresses,Unique Sent To Addresses,min value received,max value received ,avg val received,min val sent,max val sent,avg val sent,min value sent to contract,max val sent to contract,avg value sent to contract,total transactions (including tnx to create contract,total Ether sent,total ether received,total ether sent contracts,total ether balance, Total ERC20 tnxs, ERC20 total Ether received, ERC20 total ether sent, ERC20 total Ether sent contract, ERC20 uniq sent addr, ERC20 uniq rec addr, ERC20 uniq sent addr.1, ERC20 uniq rec contract addr, ERC20 avg time between sent tnx, ERC20 avg time between rec tnx, ERC20 avg time between rec 2 tnx, ERC20 avg time between contract tnx, ERC20 min val rec, ERC20 max val rec, ERC20 avg val rec, ERC20 min val sent, ERC20 max val sent, ERC20 avg val sent, ERC20 min val sent contract, ERC20 max val sent contract, ERC20 avg val sent contract, ERC20 uniq sent token name, ERC20 uniq rec token name, ERC20 most sent token type, ERC20_most_rec_token_type
1,0x00009277775ac7d0d59eaad8fee3d10ac6c805e8,A,44,18,704785.63,721,89,0,40,118,0,45.806785,6.589513,0,31.22,1.200681,0,0,0,810,865.6910932,586.4666748,0,-279.2244185,265,35588543.78,35603169.52,0,30,54,0,58,0,0,0,0,0,15000000,265586.1476,0,16830998.35,271779.92,0,0,0,39,57,Cofoundit,Numeraire
2,0x0002b44ddb1476db43c868bd494422ee4c136fed,A,51,24,1218216.73,94,8,0,5,14,0,2.613269,0.385685,0,1.8,0.032844,0,0,0,102,3.08729702,3.085478209,0,-0.001818811,8,403.4283054,2.260809454,0,1,5,0,7,0,0,0,0,0,365,57.632615,2.260809,2.260809,2.260809,0,0,0,1,7,Livepeer Token,Livepeer Token
3,0x0002bda54cb772d040f779e88eb453cac0daa244,A,48,23,516729.3,2,10,0,10,2,0.113119,1.165453,0.358906,0.05,3.538616,1.794308,0,0,0,12,3.58861565,3.58905665,0,0.000441,8,521.5120705,0,0,0,7,0,8,0,0,0,0,0,442.81984,65.189009,0,0,0,0,0,0,0,8,None,XENON
4,0x00038e6ba2fd5c09aedb96697c8d7b8fa6632e5e,A,55,16,397555.9,25,9,0,7,13,0,500,99.48884,0,450,70.001834,0,0,0,34,1750.045862,895.399559,0,-854.6463029,14,17111.05191,11412.23068,0,2,11,0,11,0,0,0,0,0,11412.23068,1555.550174,100,9029.23068,3804.076893,0,0,0,1,11,Raiden,XENON
5,0x00062d1dd1afb6fb02540ddad9cdebfe568e0d89,A,52,30,382472.42,4598,20,1,7,19,0,12.802411,2.671095,0,9,0.022688,0,0,0,4619,104.3188828,53.4218965,0,-50.89698629,42,162829.6609,123539.9329,0,4,23,0,27,0,0,0,0,0,90000,4934.232147,0,45000,13726.65922,0,0,0,6,27,StatusNetwork,EOS
6,0x000895ad78f4403ecd9468900e68d6ee506136fd,A,53,23,20926.68,2,3,0,2,1,0.724148,4.813776,3.234908,4.1668,5.536916,4.851858,0,0,0,5,9.70371586,9.70472386,0,0.001008,0,0,0,0,0,0,0,0,0,0,0,0,0,0,0,0,0,0,0,0,0,0,0,0,0
7,0x000d63fc5df52b0204374c2f5a3249779805d5d1,A,44,20,8660.35,25,11,0,9,20,0.049,2.65,1.098115,0.009457,4.284785,0.482496,0,0,0,36,12.0623941,12.079266,0,0.016871896,0,0,0,0,0,0,0,0,0,0,0,0,0,0,0,0,0,0,0,0,0,0,0,0,0
8,0x000e001ab444fa8d6dc4a402f8d7cfc88fe8c64d,A,57,22,319828.05,213,5,0,3,3,0.11849,2,0.891098,0,0.7,0.040861,0,0,0,218,8.703392156,4.45548974,0,-4.247902416,7,397.951964,0,0,0,5,0,7,0,0,0,0,0,365,56.850281,0,0,0,0,0,0,0,7,None,XENON
9,0x0012cb699c836049a4bbeaac2d8c4d47c688e0e4,A,60,22,496.62,1,1,0,1,1,2,2,2,1.99938,1.99938,1.99938,0,0,0,2,1.99938,2,0,0.00062,0,0,0,0,0,0,0,0,0,0,0,0,0,0,0,0,0,0,0,0,0,0,0,0,0
10,0x0012f247c9f980eea0a9ad06893bfd95c3145794,A,54,28,30572.7,8,3,0,2,4,0.1,40,16.7,0.1,40,18.634625,0,0,0,11,149.077,50.1,0,-98.977,1,600,0,0,0,1,0,1,0,0,0,0,600,600,600,0,0,0,0,0,0,0,1,None,AICRYPTO
11,0x0013e58a315d2e728f11630aa40abfbdddcab304,A,54,25,129540.15,10,10,0,2,1,1.000052,1.014875,1.004819,0.999088,1.01417,1.004055,0,0,0,20,10.04055439,10.04819041,0,0.007636018,0,0,0,0,0,0,0,0,0,0,0,0,0,0,0,0,0,0,0,0,0,0,0,0,0
12,0x0016338abcb6bfa6d355adc207c5d2d42acb5e42,A,56,21,385961.98,8,246,0,4,3,0.118061,81.386,3.381313,0.01,300,103.974875,0,0,0,254,831.799,831.8030477,0,0.004047714,8,6193.025913,0,0,0,7,0,8,0,0,0,0,0,4035.631891,774.128239,0,0,0,0,0,0,0,8,None,XENON
13,0x001b28141562bc2601694d27c3f5fda2c06c234c,A,48,16,198900.25,0,16,1,4,0,0,1.002069,0.769166,0,0,0,0,0,0,17,0,12.30665958,0,12.30665958,2,0.181283664,0,0,0,2,0,2,0,0,0,0,0.075367,0.105917,0.090642,0,0,0,0,0,0,0,2,None,DATAcoin
14,0x001cb265c5606d79035059686ae5f94c6a4c2c2c,A,47,24,78197.58,7,2,0,2,4,0.095,0.265159,0.180079,0,0.133441,0.037563,0,0,0,9,0.262941117,0.36015854,0,0.097217423,3,8.001,0,0,0,2,0,2,0,0,0,0,0.001,5,2.667,0,0,0,0,0,0,0,2,None,PoSToken
15,0x001cf9871aeaf2acf72f144b16818b7e417b6dda,A,51,28,540061.9,32,24,0,11,21,0,1499.99958,77.125266,0,1100,102.312148,0,0,0,56,3273.988723,1851.006376,0,-1422.982347,33,139827.7923,133086.5,0,4,23,0,26,0,0,0,0,0,118324.5,4993.849726,1.00E-06,118324.5,26617.3,0,0,0,4,26,TenXPay,KyberNetwork
16,0x001d54f72af6eae0fdd17009c391426754bec5c2,A,54,22,25802.32,34,3,1,3,13,0.091844,1,0.530615,0,0.933444,0.044268,0,0,0,38,1.505102958,1.591844363,0,0.086741405,4,0,5.00E-06,0,3,0,0,0,0,0,0,0,0,0,0,0,5.00E-06,1.00E-06,0,0,0,1,0,,None
17,0x001e6fbcd020823d3161df44bb5da6c34419eecb,A,57,20,280803.43,57,57,0,2,2,0.016037,0.277689,0.204013,0.015617,0.277269,0.203593,0,0,0,114,11.6048114,11.6287514,0,0.023940002,0,0,0,0,0,0,0,0,0,0,0,0,0,0,0,0,0,0,0,0,0,0,0,0,0
18,0x001eb1e90d25e8c1372c38f2b2a36b49b6634235,A,52,22,842599.05,26,11,0,6,15,0.09,34.94,16.564688,0,34.9,9.896423,0,0,0,37,257.307,182.2115661,0,-75.09543387,13,308440.3104,307097.3104,0,4,8,0,7,0,0,0,0,0,274230,34271.1456,1620,274231,76774.3276,0,0,0,3,7,StatusNetwork,Bancor
19,0x001f357ca93307571d8cd93d09ce25a3660429af,A,47,23,2318.5,3,2,0,1,3,7.772,19.995,13.8835,3.7,20.082772,9.255226,0,0,0,5,27.765677,27.767,0,0.001323,0,0,0,0,0,0,0,0,0,0,0,0,0,0,0,0,0,0,0,0,0,0,0,0,0
20,0x001f99982965a3792077893ecadc7be0c61d613c,A,46,24,329.78,2,2,0,2,2,44.048882,56.951118,50.5,0.61,100.388974,50.499487,0,0,0,4,100.9989738,101,0,0.001026218,0,0,0,0,0,0,0,0,0,0,0,0,0,0,0,0,0,0,0,0,0,0,0,0,0
21,0x00235134f8335d48cf506b25cc376fc84520588b,A,62,20,113840.02,0,18,1,5,0,0,12.782766,5.662421,0,0,0,0,0,0,19,0,101.9235724,0,101.9235724,2,4.983578382,0,0,0,2,0,2,0,0,0,0,2,2.983578,2.491789,0,0,0,0,0,0,0,2,None,OmiseGO
22,0x0023a6a2c8316ccfb083a194aa5668bd75891455,A,45,23,292841.02,7,7,0,4,3,0,17.949074,8.407243,2,30.950276,22.441764,0,0,0,14,157.0923505,58.85070376,0,-98.24164672,1,0,0,0,0,1,0,1,0,0,0,0,0,0,0,0,0,0,0,0,0,0,1,None,ONOT
23,0x0029a9b2ea1e45e32fb6344b117388515858d040,A,55,21,712.88,5,4,0,4,5,0.5,5,2.1875,0.377203,2.851287,1.749551,0,0,0,9,8.747754943,8.75,0,0.002245057,0,0,0,0,0,0,0,0,0,0,0,0,0,0,0,0,0,0,0,0,0,0,0,0,0
24,0x002a68f53b92cef5ee4e7ce015b78408f20942bb,A,57,24,892782.2,8,126,0,1,2,0.013556,0.501254,0.342666,0.1,2,1.2625,0,0,0,134,10.1,43.17587621,0,33.07587621,16,2765.749578,100,0,1,9,0,15,0,0,0,0,0,1500,184.383305,100,100,100,0,0,0,1,15,blockwell.ai KYC Casper Token,Tronix
25,0x002ab919205b134d05d0746e22c7f8000523c660,A,43,18,226778.27,0,17,1,6,0,0,11.291416,4.860215,0,0,0,0,0,0,18,0,82.62366163,0,82.62366163,3,4.804121022,0,0,0,3,0,3,0,0,0,0,0.920501,2,1.601374,0,0,0,0,0,0,0,3,None,DATAcoin
26,0x002b043689ad84008fffab16afc1955f5a3aebde,A,44,25,30.65,1,1,0,1,1,4.999,4.999,4.999,4.99774,4.99774,4.99774,0,0,0,2,4.99774,4.999,0,0.00126,0,0,0,0,0,0,0,0,0,0,0,0,0,0,0,0,0,0,0,0,0,0,0,0,0
27,0x0031ebb20a0aaf8c67be012bb3a3483d75269635,A,56,24,330187.83,82,3,0,3,7,0,30,11.666667,0,30,0.760256,0,0,0,85,62.341,35,0,-27.341,11,1473.843474,0,0,0,8,0,11,0,0,0,0,0,600,133.98577,0,0,0,0,0,0,0,11,None,XENON
28,0x003300d3d2c46983b9a55b07b9b2ab47d6228111,A,51,27,68.87,1,1,0,1,1,0.547649,0.547649,0.547649,0.546389,0.546389,0.546389,0,0,0,2,0.54638892,0.54764892,0,0.00126,0,0,0,0,0,0,0,0,0,0,0,0,0,0,0,0,0,0,0,0,0,0,0,0,0
29,0x0033fd555da940b923a7f6f465cc4d9088724263,A,55,22,338429.65,4,3,0,3,3,0,2.337156,1.512385,2,2.379635,2.104909,0,0,0,7,8.419634776,4.5371564,0,-3.882478376,0,0,0,0,0,0,0,0,0,0,0,0,0,0,0,0,0,0,0,0,0,0,0,0,0
30,0x0034f7473531239b1799bc7f14ff97d5303a5a93,A,55,27,955278,59,14,0,7,34,0.00979,1100,167.979641,0,500,43.052269,0,0,0,73,2540.083853,2351.714972,0,-188.368881,48,1555219.09,1545239.028,0,12,26,0,23,0,0,0,0,0,322932.1604,47127.8512,0,1230000,103015.9352,0,0,0,11,23,EOS,StatusNetwork
31,0x0036ed1e6299bb586ac70ebdfa336f06714a9556,A,45,17,291427.53,0,53,1,4,0,0,1.002204,0.504895,0,0,0,0,0,0,54,0,26.75944516,0,26.75944516,2,0.55819781,0,0,0,2,0,2,0,0,0,0,0.10587,0.452328,0.279099,0,0,0,0,0,0,0,2,None,DATAcoin
32,0x0038ab9bf479faa2997522b3cf9492153ea6b33f,A,56,23,561789.58,10,11,0,8,1,0.022663,20.799,5.11114,0.923126,20.797915,5.621492,0,0,0,21,56.21491815,56.22253457,0,0.00761642,0,0,0,0,0,0,0,0,0,0,0,0,0,0,0,0,0,0,0,0,0,0,0,0,0
33,0x003b9a44dcc7b59546a8b1c1e7dccd57eb99f07d,A,45,26,2257.12,2,1,0,1,2,1.747981,1.747981,1.747981,0,0,0,0,0,0,3,0,1.74798122,0,1.74798122,10,327.9083121,0,0,0,8,0,9,0,0,0,0,0,290.214723,32.790831,0,0,0,0,0,0,0,9,None,SAFE.AD - 20% DISCOUNT UNTIL 1 MAY
34,0x003c5ebfa5cdb3d73bad42bb07db823f6c77a236,A,51,27,22889.93,10,2,0,1,6,0.05,0.1,0.075,0,0.060734,0.011073,0,0,0,12,0.110734264,0.15,0,0.039265736,2,1.00E-12,1.00E-11,0,1,1,0,1,0,0,0,0,0,0,0,0,0,0,0,0,0,1,1,,
35,0x003d8b1e6723960d60367a719fe65e08643a2a80,A,51,20,449889.15,0,694,1,4,0,0,22,1.618731,0,0,0,0,0,0,695,0,1123.399095,0,1123.399095,2,0.532864637,0,0,0,2,0,2,0,0,0,0,0.082576,0.450289,0.266432,0,0,0,0,0,0,0,2,None,DATAcoin
36,0x003e2b1599587a6c2f38928ea8f874a74fb1bbbc,A,47,26,450106.65,5970,2989,0,1337,2212,0,3140.99958,74.622817,0,3900,37.845721,0,0,0,8959,225938.9558,223047.6014,0,-2891.354427,325,139793.7886,137260.2674,0,21,295,0,15,0,0,0,0,0,72838.70935,470.686157,0,93524.52194,4902.152406,0,0,0,6,15,ICO,Storj
37,0x004534ebd59b0b094da701dbfd952ef605470128,A,46,27,4.87,1,1,0,1,1,0.003,0.003,0.003,0,0,0,0,0,0,2,0,0.003,0,0.003,2,3.75E-12,5.00E-15,0,1,1,0,1,0,0,0,0,0,0,0,0,0,0,0,0,0,1,1,bitqy,bitqy
38,0x0045eb75acf6e1cb1d9ec41e352a879e2cd50b35,A,45,18,636162.82,68,4375,0,1,4,0.443993,3.602495,1.055731,0,520.812168,67.923395,0,0,0,4443,4618.790832,4618.823828,0,0.03299662,10,1444.347483,4.431401966,0,2,8,0,8,0,0,0,0,0,768.42897,180.543435,2.2155,2.215902,2.215701,0,0,0,1,8,OmiseGO,XENON
39,0x00462f4a169c1dc0b9dc428aa37d394c8abf1266,A,55,21,345142.02,3,4,0,2,3,0,3.508474,1.395953,0.007,5.544,3.683667,0,0,0,7,11.051,5.5838107,0,-5.4671893,0,0,0,0,0,0,0,0,0,0,0,0,0,0,0,0,0,0,0,0,0,0,0,0,0
40,0x3378c24677439ed10bea75cfcbdad87ae707332d,A,55,23,250411.05,0,129,1,2,0,0,0.888213,0.332143,0,0,0,0,0,0,130,0,42.84639454,0,42.84639454,2,0.736591567,0,0,0,2,0,2,0,0,0,0,0.181831,0.55476,0.368296,0,0,0,0,0,0,0,2,None,DATAcoin
41,0x338031a963406754bc2b3872fa5078a7ebdebb54,A,58,23,70.3,3,2,0,2,3,16.134055,84.865945,50.5,2.2,74.774341,33.666149,0,0,0,5,100.998446,101,0,0.001554,0,0,0,0,0,0,0,0,0,0,0,0,0,0,0,0,0,0,0,0,0,0,0,0,0
42,0x33835f746c31ab95209c2f5eccf74f12688554a3,A,48,19,946039.25,344,356,0,17,1,0.005492,28.79,0.553682,0.061843,28.788276,0.571426,0,0,0,700,196.5703753,197.1106614,0,0.540286125,2,0.01,0,0,0,2,0,2,0,0,0,0,0,0.01,0.005,0,0,0,0,0,0,0,2,None,www.pnztrust.com
43,0x3387bb86a1b195b3ae4d6a5d7668765e1ea3db6d,A,55,21,28772.53,1,6,0,5,1,0.188035,5.948102,1.715151,0.3424,0.3424,0.3424,0,0,0,7,0.3424,10.29090675,0,9.94850675,10,988.4960355,0,0,0,8,0,10,0,0,0,0,0,695.515991,98.849604,0,0,0,0,0,0,0,10,None,XENON
44,0x338f30f967c1367388975d063662bfd79833de66,A,51,27,291418.95,0,139,1,4,0,0,1.759116,0.49797,0,0,0,0,0,0,140,0,69.21779839,0,69.21779839,2,2.959721615,0,0,0,2,0,2,0,0,0,0,0.556884,2.402838,1.479861,0,0,0,0,0,0,0,2,None,DATAcoin
45,0x339c577ebd53b8fb229d892c57dc36517497d859,A,44,25,11.77,3,2,0,2,3,526.910152,1474.089848,1000.5,0.167481,1489.471101,666.999528,0,0,0,5,2000.998585,2001,0,0.001414909,0,0,0,0,0,0,0,0,0,0,0,0,0,0,0,0,0,0,0,0,0,0,0,0,0
46,0x33a4da63d90ff11edce58c776e04e5b309637e75,A,57,27,319339.87,0,133,1,3,0,0,1.388661,0.481076,0,0,0,0,0,0,134,0,63.98312638,0,63.98312638,1,1.112107255,0,0,0,1,0,1,0,0,0,0,1.112107,1.112107,1.112107,0,0,0,0,0,0,0,1,None,OmiseGO
47,0x33a8cb276153049c9d3905a26c700b27944d681a,A,51,17,173981.92,22,22,0,21,16,0.003247,12.3566,3.093644,0,20,3.093117,0,0,0,44,68.04858426,68.06017621,0,0.011591948,4,1506.57721,1506.57721,0,2,2,0,1,0,0,0,0,390.329247,1116.247963,753.288605,390.329247,1116.247963,753.288605,0,0,0,1,1,Golem,Golem
48,0x33af04c25eb30c14f5d1652ce196e562c109eb9d,A,48,27,328.15,2,1,0,1,2,101,101,101,3,97.998984,50.499492,0,0,0,3,100.9989842,101,0,0.00101578,0,0,0,0,0,0,0,0,0,0,0,0,0,0,0,0,0,0,0,0,0,0,0,0,0
49,0x33b2d92a08e3ba4b8fec7330a8df1aeecd13f9a7,A,51,21,63.67,3,1,0,1,3,101,101,101,0.05,54.735344,33.666149,0,0,0,4,100.998446,101,0,0.001554,0,0,0,0,0,0,0,0,0,0,0,0,0,0,0,0,0,0,0,0,0,0,0,0,0
50,0x33babc6cd1a6c0aee80622cc742f3e2d24463397,A,54,24,682390.27,0,5461,1,4,0,0,180.543075,3.277248,0,0,0,0,0,0,5462,0,17897.04971,0,17897.04971,5,624.1347376,0,0,0,4,0,5,0,0,0,0,0,600,124.826948,0,0,0,0,0,0,0,5,None,An Etheal Promo
51,0x33bb2b45a21bbe5b301871118aad83495873eea2,A,56,14,326.97,2,2,0,2,2,3.874893,97.125107,50.5,2.200429,98.798063,50.499246,0,0,0,4,100.9984925,101,0,0.00150753,0,0,0,0,0,0,0,0,0,0,0,0,0,0,0,0,0,0,0,0,0,0,0,0,0
52,0x33c3aa2b52d55b99e31d4893519759846d3b16a4,A,54,17,18.47,1,1,0,1,1,2.655173,2.655173,2.655173,2.654553,2.654553,2.654553,0,0,0,2,2.6545532,2.6551732,0,0.00062,0,0,0,0,0,0,0,0,0,0,0,0,0,0,0,0,0,0,0,0,0,0,0,0,0
53,0x33c59371314c37e22b7d86dde9246c56fd86845f,A,48,27,1011410.55,6,6,0,5,6,0.0008,0.074,0.037003,0.001,0.08,0.035333,0,0,0,12,0.212,0.22201879,0,0.01001879,5,654.6444,0,0,0,4,0,5,0,0,0,0,0,600,130.92888,0,0,0,0,0,0,0,5,None,TAAS
54,0x33c95c5facc3a528e8128ed6f02d7cc839383c6b,A,49,16,920796.33,31,20,0,14,20,0.004976,0.29,0.069901,0,0.19,0.035465,0,0,0,51,1.09940349,1.39802193,0,0.29861844,34,2919.245337,11.49,0,8,22,0,16,0,0,0,0,0,1315.7026,112.278667,0.91,2.04,1.43625,0,0,0,2,16,OmiseGO,OmiseGO
55,0x33cbccbb02f2125fe5290870bb5a5664cb4c778c,A,51,20,7.45,3,2,0,2,3,644.748373,1356.251627,1000.5,0.025212,1632.02954,666.999528,0,0,0,5,2000.998585,2001,0,0.001414909,0,0,0,0,0,0,0,0,0,0,0,0,0,0,0,0,0,0,0,0,0,0,0,0,0
56,0x33cbe8778c6e0d2c2d8b11b6b5821c85c7a36d86,A,56,26,438.3,1,1,0,1,1,0.049346,0.049346,0.049346,0.048726,0.048726,0.048726,0,0,0,2,0.04872623,0.04934623,0,0.00062,0,0,0,0,0,0,0,0,0,0,0,0,0,0,0,0,0,0,0,0,0,0,0,0,0
57,0x33ce09eec053e1a4bf847046135a94a4ec5f7260,A,56,20,322.78,2,2,0,2,2,44.460639,56.539361,50.5,3.999424,96.999592,50.499508,0,0,0,4,100.9990158,101,0,0.000984218,0,0,0,0,0,0,0,0,0,0,0,0,0,0,0,0,0,0,0,0,0,0,0,0,0
58,0x33d4a71e82d18ab897e547d8ef19eaabf07d8d9a,A,57,20,325.83,2,1,0,1,2,101,101,101,1.00048,99.998535,50.499508,0,0,0,3,100.9990158,101,0,0.000984218,0,0,0,0,0,0,0,0,0,0,0,0,0,0,0,0,0,0,0,0,0,0,0,0,0
59,0x33d5bc6de50b0a8b0e421e74fcbd3d91b9642181,A,46,26,78,3,2,0,2,3,31.131708,69.868292,50.5,0.044365,55.094682,33.666163,0,0,0,5,100.998488,101,0,0.001512,0,0,0,0,0,0,0,0,0,0,0,0,0,0,0,0,0,0,0,0,0,0,0,0,0
60,0x33e2dd4a0c64e19eb4a92cbe28d3300e554db080,A,43,21,93.08,1,1,0,1,1,0.39067,0.39067,0.39067,0.390197,0.390197,0.390197,0,0,0,2,0.390197244,0.39067043,0,0.000473186,0,0,0,0,0,0,0,0,0,0,0,0,0,0,0,0,0,0,0,0,0,0,0,0,0
61,0x33e52c2b40aa4bbae444c338e6371f97dce5d08b,A,50,25,291426.48,0,52,1,4,0,0,1.004553,0.669844,0,0,0,0,0,0,53,0,34.83190827,0,34.83190827,1,1.241450217,0,0,0,1,0,1,0,0,0,0,1.24145,1.24145,1.24145,0,0,0,0,0,0,0,1,None,OmiseGO
62,0x33f28ddc58dd297894b156a9bfc67afd94933872,A,51,25,47.62,1,1,0,1,1,0.035,0.035,0.035,0.034528,0.034528,0.034528,0,0,0,2,0.034528341,0.035,0,0.000471659,0,0,0,0,0,0,0,0,0,0,0,0,0,0,0,0,0,0,0,0,0,0,0,0,0
63,0x33f524dca40bd728ae248b00e8f527d46aa864fa,A,43,24,778799.4,578,464,0,139,213,0.015,645,25.254746,0,875,20.281562,0,0,0,1042,11722.7429,11718.20202,0,-4.540886436,430,131039885.6,129990286.6,0,84,130,0,107,0,0,0,0,0,48360000,626985.0984,0,48160010,588191.3421,0,0,0,52,104,Individual Content &amp; Skill Token,Individual Content &amp; Skill Token
64,0x33f53d3222d6181c19722beb99a7b663bb356fc7,A,45,21,555420.95,34,43,0,3,3,0.0044,149,20.867403,0,382.487559,26.390598,0,0,0,77,897.2803285,897.2983445,0,0.018016049,2,0.053022557,0.053022557,0,1,1,0,1,0,0,0,0,0.053023,0.053023,0.053023,0.053023,0.053023,0.053023,0,0,0,1,1,OmiseGO,OmiseGO
65,0x33f67d9f52a83f8f84ab3c14695c3e6a5f20739f,A,56,19,66.78,3,1,0,1,3,101,101,101,0.43859,82.973903,33.666149,0,0,0,4,100.998446,101,0,0.001554,0,0,0,0,0,0,0,0,0,0,0,0,0,0,0,0,0,0,0,0,0,0,0,0,0
66,0x33f9da14bfccc7f1dac986573be0180106355ad1,A,49,31,325.1,2,2,0,2,2,15.979538,85.020462,50.5,0.895,100.104016,50.499508,0,0,0,4,100.9990158,101,0,0.000984218,0,0,0,0,0,0,0,0,0,0,0,0,0,0,0,0,0,0,0,0,0,0,0,0,0
67,0x3402f6ce5ec93dcd84eb7f0fa4b6d8806c5e3b66,A,46,23,326.03,2,1,0,1,2,101,101,101,3.590732,97.408283,50.499508,0,0,0,3,100.9990158,101,0,0.000984218,0,0,0,0,0,0,0,0,0,0,0,0,0,0,0,0,0,0,0,0,0,0,0,0,0
68,0x3405928a75bb0134d256871a0a5735442d440c2a,A,45,22,69.63,3,1,0,1,3,101,101,101,4.765752,52.757624,33.666149,0,0,0,4,100.998446,101,0,0.001554,0,0,0,0,0,0,0,0,0,0,0,0,0,0,0,0,0,0,0,0,0,0,0,0,0
69,0x340f90e16e8cf4010ab77e9c27f7712f30a0ca23,A,54,25,87561.22,48,16,0,12,19,0.1,60.5586,11.342021,0,56.330542,3.780111,0,0,0,64,181.4453111,181.4723413,0,0.0270302,16,2794.966336,2194.966257,0,7,4,0,4,0,0,0,0,0,1202.1445,465.827723,0,880,219.496626,0,0,0,2,4,Golem,ICONOMI
70,0x34155654d2a6ef9126de1998aedd50fd8cbf26c4,A,57,24,813543.02,161,181,0,43,76,0.003337,39.99,2.49453,0,40,2.880664,0,0,0,342,463.7869,451.5100055,0,-12.27689455,121,224851.328,199198.9246,0,16,50,0,46,0,0,0,0,0,80000,2614.550326,0,99999.9999,5691.397844,0,0,0,21,46,EOS,EOS
71,0x341779bf2b7c0eba79b92851f789edc4ae5c99d5,A,56,21,131657.12,1,2,0,2,1,0.03,0.244894,0.137447,0.274453,0.274453,0.274453,0,0,0,3,0.27445284,0.27489384,0,0.000441,1,0.020706735,0,0,0,1,0,1,0,0,0,0,0.020707,0.020707,0.020707,0,0,0,0,0,0,0,1,None,OmiseGO
72,0x341973b8698ad386dd794c3367e99659dcfc5385,A,45,18,0,0,1,0,1,0,0.001,0.001,0.001,0,0,0,0,0,0,1,0,0.001,0,0.001,0,0,0,0,0,0,0,0,0,0,0,0,0,0,0,0,0,0,0,0,0,0,0,0,0
73,0x34268f8c1ab79d2ebfb59e9637a59a3d323f0afd,A,45,17,319344.2,0,70,1,3,0,0,1.003054,0.84105,0,0,0,0,0,0,71,0,58.87351086,0,58.87351086,3,6.933787224,0,0,0,3,0,3,0,0,0,0,0.953679,5,2.311262,0,0,0,0,0,0,0,3,None,DATAcoin
74,0x3428a00a51ca130a62cd3309c4091dc6fc11c631,A,50,22,781966.58,27,84,0,6,5,0.005,85.244469,4.775108,0,94.73435,14.855455,0,0,0,111,401.0972834,401.1091001,0,0.011816742,8,2171.721137,2.077583234,0,1,6,0,7,0,0,0,0,0,1500,310.245877,2.077583,2.077583,2.077583,0,0,0,1,7,OmiseGO,Livepeer Token
75,0x342b4cd5bfdcdb2c412eb7af31685dd9cf379bd8,A,57,22,564996.67,8,6,0,2,3,0.005,120,39.095,0,119.997,29.320581,0,0,0,14,234.5646485,234.57,0,0.005351549,4,66.36434565,60.95013565,0,1,3,0,3,0,0,0,0,1.41421,60.950136,22.121449,60.950136,60.950136,60.950136,0,0,0,1,3,EOS,NKN
76,0x342e0f268c58aa98ac438421453e7ba767ded9e2,A,57,12,210634.62,26,12,0,3,13,0.0001,10,3.445242,0,10,1.588759,0,0,0,38,41.30772933,41.34290569,0,0.035176362,13,316.9287478,300,0,2,7,0,6,0,0,0,0,0,150,31.692875,0,300,100,0,0,0,2,6,Storj,Bancor
77,0x343379619bab764d546d1dbb5fd13d2eb4375c18,A,54,13,248416.35,50,50,0,2,2,0.055823,0.5,0.122227,0.054773,0.49895,0.121031,0,0,0,100,6.05155512,6.111338425,0,0.059783305,0,0,0,0,0,0,0,0,0,0,0,0,0,0,0,0,0,0,0,0,0,0,0,0,0
78,0x343e94f9c1dc92955ebd711611d4adf47ba43a22,A,55,27,83138.48,39,40,0,3,1,0.089,59,9.566143,0.08858,58.99958,9.811008,0,0,0,79,382.6293232,382.6457032,0,0.01638,0,0,0,0,0,0,0,0,0,0,0,0,0,0,0,0,0,0,0,0,0,0,0,0,0
79,0x3440e75d16c79fa2c67bff4041ab3ea06c6824d0,A,51,16,768007.43,113,659,0,9,3,0.048144,1635.79,8.878018,0.102807,1649.834637,51.777827,0,0,0,772,5850.894501,5850.613836,0,-0.280664247,6,473.7096759,0,0,0,5,0,6,0,0,0,0,0,256.577453,78.951613,0,0,0,0,0,0,0,6,None,XENON
80,0x3441f925e7ddab1df44650355dfbbaad57d2a443,A,61,18,1045320.87,5214,144,0,36,3365,0.001,165.223152,57.076446,0,90.158929,1.557115,0,0,0,5358,8118.796052,8219.008183,0,100.2121315,97,394158.0635,20213.61432,0,13,66,0,37,0,0,0,0,0,189793,4926.975793,8.701458,4572.637546,1189.036137,0,0,0,3,37,ZRX,Flyp.me
81,0x3442e29ddf468bc438d57b01fd0c2648d633f8e4,A,56,19,3.03,1,1,0,1,1,0.1,0.1,0.1,0.09938,0.09938,0.09938,0,0,0,2,0.09938,0.1,0,0.00062,0,0,0,0,0,0,0,0,0,0,0,0,0,0,0,0,0,0,0,0,0,0,0,0,0
82,0x3444afbaead9b630bf0bdd3292b12223b7209fc7,A,53,22,68.37,3,2,0,2,3,31.869197,69.130803,50.5,2.188456,72.584331,33.666149,0,0,0,5,100.998446,101,0,0.001554,0,0,0,0,0,0,0,0,0,0,0,0,0,0,0,0,0,0,0,0,0,0,0,0,0
83,0x3447bf18a51f41bbb20aad8b96259e36a80e4874,A,46,32,684414.1,10,12,0,6,4,0.002,8.99,2.638899,0,9.58,3.165873,0,0,0,22,31.65873432,31.66679,0,0.008055678,3,1500,2.80E-11,0,1,2,0,2,0,0,0,0,0,1500,750,0,0,0,0,0,0,1,2,Tronix,Tronix
84,0x3449baf741e3e80c5ca109f126d0eb7259f811a6,A,46,27,513891.02,72,26,0,11,36,0.01,49.706267,13.022715,0,45,4.967889,0,0,0,98,357.688,338.5905776,0,-19.0974224,94,1261978.417,1073811.546,0,8,31,0,42,0,0,0,0,0,306900,19718.41277,1.00E-06,306900,35793.71821,0,0,0,16,41,EOS,StatusNetwork
85,0x344ae078033cfa8495226a0c797c9092d3417052,A,47,27,50.7,3,1,0,1,3,101,101,101,8,72.439544,33.666149,0,0,0,4,100.998446,101,0,0.001554,0,0,0,0,0,0,0,0,0,0,0,0,0,0,0,0,0,0,0,0,0,0,0,0,0
86,0x344b4e61acc56f87f0ee1fec9763172cec8b7fd9,A,49,25,1024381.72,45,22,0,15,28,0,121,32.896731,0,175,15.831052,0,0,0,67,712.397338,723.7280888,0,11.33075076,89,679605.7616,520532.6758,0,13,42,0,46,0,0,0,0,0,280689.5,10297.05699,0,130689.5,22631.85547,0,0,0,14,46,OpenANX,RHOC
87,0x34579ccc0a0666a514923063edee3b79bfc15347,A,57,24,0,0,1,0,1,0,0,0,0,0,0,0,0,0,0,1,0,0,0,0,2,2.02E-09,2.02E-09,0,1,1,0,1,0,0,0,0,0,0,0,0,0,0,0,0,0,1,1,TIME,TIME
88,0x3458ac1ac6f9e9d1fbaf6d4c598d491e4f4fd938,A,44,28,58.37,4,1,0,1,3,101,101,101,0.832792,79.672329,25.249475,0,0,0,5,100.9979,101,0,0.0021,0,0,0,0,0,0,0,0,0,0,0,0,0,0,0,0,0,0,0,0,0,0,0,0,0
89,0x345e5599498397cc034c056816625737e221818a,A,54,26,45777.22,4,6,0,6,3,0.1,132.313351,42.500709,0.001,218.401367,63.750592,0,0,0,10,255.002367,255.0042532,0,0.001886178,1,600,0,0,0,1,0,1,0,0,0,0,600,600,600,0,0,0,0,0,0,0,1,None,AICRYPTO
90,0x3460158c5de3a61c010ce718b38efa2e44a78b85,A,46,27,351431.32,45,45,0,41,3,0.022218,2.494337,0.298309,0.003711,2.493182,0.297505,0,0,0,90,13.38772876,13.42388352,0,0.036154765,0,0,0,0,0,0,0,0,0,0,0,0,0,0,0,0,0,0,0,0,0,0,0,0,0
91,0x346535d1723acc6f237f112876cf85749b24262e,A,56,22,480903.52,21,10,0,7,13,1.97,50,16.278526,0,56,8.072238,0,0,0,31,169.517,162.78526,0,-6.73174,11,769216,819264,0,4,6,0,7,0,0,0,0,0,720000,109888,0,720000,204816,0,0,0,3,7,WanCoin,MediShares
92,0x346abf2004b511a44db1f2a07e4ef9797a4d4d60,A,61,27,440786.35,62,468,0,6,2,0.011475,4.142844,0.996382,0.077899,24.294441,7.52718,0,0,0,530,466.6851333,466.3069727,0,-0.378160539,3,444.1369328,0,0,0,3,0,3,0,0,0,0,0.158598,440.420355,148.045644,0,0,0,0,0,0,0,3,None,OmiseGO
93,0x346f118ead9871f1608ba9d737c1459f5a9dd2df,A,57,27,288.05,1,1,0,1,1,1,1,1,0.9978,0.9978,0.9978,0,0,0,2,0.9978,1,0,0.0022,0,0,0,0,0,0,0,0,0,0,0,0,0,0,0,0,0,0,0,0,0,0,0,0,0
94,0x347e609b64777713036434880b2bb77a06d6d0ed,A,49,17,32.03,1,1,0,1,1,5.994792,5.994792,5.994792,5.994288,5.994288,5.994288,0,0,0,2,5.994287537,5.994791537,0,0.000504,0,0,0,0,0,0,0,0,0,0,0,0,0,0,0,0,0,0,0,0,0,0,0,0,0
95,0x347f197e1a6baf6e723ad3af514ae9d73e1d2960,A,52,19,323.75,2,3,0,3,2,1.298741,80.89895,33.666667,3,97.999016,50.499508,0,0,0,5,100.9990158,101,0,0.000984218,0,0,0,0,0,0,0,0,0,0,0,0,0,0,0,0,0,0,0,0,0,0,0,0,0
96,0x348d65c52eca77a38535c0f2621501ccdd2647ef,A,56,21,2.12,1,1,0,1,1,1,1,1,0.999409,0.999409,0.999409,0,0,0,2,0.999408824,1,0,0.000591176,0,0,0,0,0,0,0,0,0,0,0,0,0,0,0,0,0,0,0,0,0,0,0,0,0
97,0x3497627895b72774927848239e923fe68997cc52,A,47,20,737414.95,33,14,0,6,13,1.284,26.154232,9.179741,0,29,4.013636,0,0,0,47,132.45,128.516376,0,-3.93362403,52,83417.55936,4500.000001,0,6,32,0,39,0,0,0,0,0,16888,1939.943241,0,2500,500,0,0,0,5,39,Crypto.com,EOS
98,0x34a213ee19cbe47010854eeee878cf4af1a67069,A,52,22,4112.15,3,3,0,3,1,0.0697,0.204,0.114567,0.06925,0.203496,0.114109,0,0,0,6,0.342326362,0.3437,0,0.001373638,0,0,0,0,0,0,0,0,0,0,0,0,0,0,0,0,0,0,0,0,0,0,0,0,0
99,0x34a31c42a435849c44b72c481abe2b74a1f99d5d,A,51,14,211.53,2,1,0,1,2,3.18888,3.18888,3.18888,1,2.187998,1.593999,0,0,0,3,3.187998,3.18888016,0,0.00088216,0,0,0,0,0,0,0,0,0,0,0,0,0,0,0,0,0,0,0,0,0,0,0,0,0
100,0x34b2763c8b429357181add14e6695e12cd988127,A,44,23,96535.98,4,4,0,2,1,40.5391,300,141.383525,40.537394,299.9993,141.382592,0,0,0,8,565.5303691,565.5341,0,0.003730932,0,0,0,0,0,0,0,0,0,0,0,0,0,0,0,0,0,0,0,0,0,0,0,0,0
101,0x34be54b435a8af03929d99f2f500937ddcf1bc9f,A,53,20,28038.68,9994,6,0,2,4,0.1,8.9,2.764689,0,0,0,0,0,0,10000,0,16.58813651,0,16.58813651,10000,2.00E-06,8.08E-07,0,6582,2,0,4,0,0,0,0,0,1.00E-06,1.00E-06,0,0,0,0,0,0,4,4,bitqy,bitqy10
102,0x34cd14e564d8c82673adc0980a94736b38e13b68,A,56,21,327.8,2,1,0,1,2,101,101,101,0.308259,100.690756,50.499508,0,0,0,3,100.9990158,101,0,0.000984218,0,0,0,0,0,0,0,0,0,0,0,0,0,0,0,0,0,0,0,0,0,0,0,0,0
103,0x34cf0a3eedcbaacaecf240b55693d6bcb192e8a4,A,47,23,2680.68,1,2,0,1,1,0.095,65.995,33.045,66.089559,66.089559,66.089559,0,0,0,3,66.089559,66.09,0,0.000441,0,0,0,0,0,0,0,0,0,0,0,0,0,0,0,0,0,0,0,0,0,0,0,0,0
104,0x34df6fceb823b0d0f65f73d5c1a3c471f090f0ca,A,55,23,9437.78,2,2,0,1,2,0.043165,0.242897,0.143031,0.042745,0.242425,0.142585,0,0,0,4,0.285170004,0.28606164,0,0.000891636,0,0,0,0,0,0,0,0,0,0,0,0,0,0,0,0,0,0,0,0,0,0,0,0,0
105,0x34e67a96933bab060970a9ec09fefb67231a34fb,A,49,25,126719.85,13,13,0,7,1,0.894505,16.0504,7.410372,0.892747,16.048642,7.408293,0,0,0,26,96.30781408,96.33483876,0,0.02702468,0,0,0,0,0,0,0,0,0,0,0,0,0,0,0,0,0,0,0,0,0,0,0,0,0
106,0x34f94a00cb633b53be4dc5e751632ec283837783,A,49,17,7.15,3,2,0,2,3,636.027926,1364.972074,1000.5,0.01,1632.137745,666.999528,0,0,0,5,2000.998585,2001,0,0.001414909,0,0,0,0,0,0,0,0,0,0,0,0,0,0,0,0,0,0,0,0,0,0,0,0,0
107,0x35028abf6411c2f9135221c655249a776d0f6678,A,52,23,70.17,3,1,0,1,3,101,101,101,0.01,56.395951,33.666149,0,0,0,4,100.998446,101,0,0.001554,0,0,0,0,0,0,0,0,0,0,0,0,0,0,0,0,0,0,0,0,0,0,0,0,0
108,0x3509f7bd9557f8a9b793759b3e3bfa2cd505ae31,A,54,23,680886.22,217,9783,0,43,5,0.00204,29.19112,1.356686,2.267742,516.095204,59.705347,0,0,0,10000,12956.06037,13272.46186,0,316.4014952,41,1127717.349,100,0,1,28,0,37,0,0,0,0,0,1083847,28192.93373,100,100,100,0,0,0,1,37,blockwell.ai KYC Casper Token,WisePlat Token
109,0x350d038b70e4acea961427347c6bed44ad8a3d50,A,50,20,201139,0,99,1,7,0,0,8.999,0.955405,0,0,0,0,0,0,100,0,94.58508922,0,94.58508922,2,2.060245703,0,0,0,2,0,2,0,0,0,0,0.742221,1.318025,1.030123,0,0,0,0,0,0,0,2,None,DATAcoin
110,0x3520b0be89551596637d9df6f82d910fff2c6529,A,54,21,972.48,2,2,0,1,1,0.54748,4.319096,2.433288,0.544123,4.304096,2.42411,0,0,0,4,4.84821928,4.86657638,0,0.0183571,0,0,0,0,0,0,0,0,0,0,0,0,0,0,0,0,0,0,0,0,0,0,0,0,0
111,0x352143be6cd0522ed6d715e6a4b389d43b69d18c,A,46,19,183884.68,1,1,0,1,1,0.861997,0.861997,0.861997,0.861556,0.861556,0.861556,0,0,0,2,0.86155637,0.86199737,0,0.000441,2,180.7326875,0,0,0,2,0,2,0,0,0,0,0.064931,180.667756,90.366344,0,0,0,0,0,0,0,2,None,OmiseGO
112,0x3521f15e8a372283fe526467c18cfbad7f6611f0,A,51,25,1.72,1,1,0,1,1,0.1,0.1,0.1,0.099395,0.099395,0.099395,0,0,0,2,0.099395026,0.1,0,0.000604974,0,0,0,0,0,0,0,0,0,0,0,0,0,0,0,0,0,0,0,0,0,0,0,0,0
113,0x352a3d9fde79fd356017ee05156f2959cbf76866,A,48,21,901559.75,8,4,0,4,5,0.09174,2.72,0.785745,0.000418,2.665012,0.392621,0,0,0,12,3.14096572,3.14298,0,0.00201428,0,0,0,0,0,0,0,0,0,0,0,0,0,0,0,0,0,0,0,0,0,0,0,0,0
114,0x353846831d58aeb7cd4cbd0091eb426440e0ab0b,A,55,22,342942.6,0,175,1,2,0,0,19.60346,5.376566,0,0,0,0,0,0,176,0,940.8989911,0,940.8989911,4,12.61891662,0,0,0,4,0,4,0,0,0,0,0,9.816189,3.154729,0,0,0,0,0,0,0,4,None,DATAcoin
115,0x3538e6deb6006ed8c51b83d67acd8b9ab9a55b48,A,57,13,68.15,3,1,0,1,3,101,101,101,0.9,63.330357,33.666149,0,0,0,4,100.998446,101,0,0.001554,0,0,0,0,0,0,0,0,0,0,0,0,0,0,0,0,0,0,0,0,0,0,0,0,0
116,0x353c8c972b23c5d4b33d1f7db9ded856e07fbaf3,A,53,23,874130.45,22,12,0,6,14,0.040153,6.995184,1.583038,0,3.5,0.950227,0,0,0,34,20.905,18.99645491,0,-1.908545093,26,593465.4085,41721.18,0,4,12,0,21,0,0,0,0,0,538150,28260.25755,0,15000,8344.236,0,0,0,4,19,StatusNetwork,Dao.Casino
117,0x353cee5ee88430078eec0299efb50e87b79f2c49,A,44,17,463972.53,3,1,0,1,2,1.689931,1.689931,1.689931,0.024716,1.544289,0.563002,0,0,0,4,1.689005218,1.68993136,0,0.000926142,1,0.127296273,0,0,0,1,0,1,0,0,0,0,0.127296,0.127296,0.127296,0,0,0,0,0,0,0,1,None,OmiseGO
118,0x3546316f7f85a18f814816863291720a6a39a60d,A,44,16,13969.9,2,2,0,2,1,17.014834,40,28.507417,17.014414,39.99958,28.506997,0,0,0,4,57.01399362,57.01483362,0,0.00084,1,666,0,0,0,1,0,1,0,0,0,0,666,666,666,0,0,0,0,0,0,0,1,None,Trip.io Ad
119,0x3547905beebdee2944e012e7eb98bf48b40cb7e2,A,51,27,54.97,3,1,0,1,3,101,101,101,1,95.193612,33.666149,0,0,0,4,100.998446,101,0,0.001554,0,0,0,0,0,0,0,0,0,0,0,0,0,0,0,0,0,0,0,0,0,0,0,0,0
120,0x356197840bf481cda31b7673f97b0593c5cebfe7,A,47,24,1017038.23,11,1594,0,2,2,0.020378,0.201848,0.05328,0.04962,13,2.452727,0,0,0,1605,26.98,84.92754904,0,57.94754905,22,113234.3712,0,0,0,17,0,21,0,0,0,0,0,95903,5147.016873,0,0,0,0,0,0,0,21,None,PROVER.IO additional 5% discount
121,0x3565bc09ba198fb40e831dfd9c4edb65c1cb20bb,A,50,15,327.37,2,3,0,3,2,2.40966,50.897156,33.666667,1.999496,98.999478,50.499487,0,0,0,5,100.9989738,101,0,0.001026218,0,0,0,0,0,0,0,0,0,0,0,0,0,0,0,0,0,0,0,0,0,0,0,0,0
122,0x35672be75aac127edb9faa748dd483f2beafd16e,A,54,23,734670.72,27,9,0,3,18,0,119.8378,38.379867,0,119,14.718021,0,0,0,36,397.3865578,345.4188,0,-51.96775781,36,90944.64127,64921.0129,0,4,24,0,30,0,0,0,0,0,40000,2933.698105,2.00E-06,40000,12984.20258,0,0,0,5,30,Aragon,EOS
123,0x35687fc923912897e5859a8b02415304f910f522,A,44,18,950313.48,55,30,0,3,20,1.067916,54.569144,12.855549,0,54.5,7.042109,0,0,0,85,387.3159811,385.6664821,0,-1.64949904,37,11171.96614,10337.88329,0,7,18,0,20,0,0,0,0,0,3333.333333,398.998791,0,3966.0435,1148.653699,0,0,0,8,20,NimiqNetwork,NimiqNetwork
124,0x35691d9d2c145ddde2580a81c695809e29129911,A,45,22,0,0,1,0,1,0,8.5,8.5,8.5,0,0,0,0,0,0,1,0,8.5,0,8.5,10,827.9257096,0,0,0,8,0,10,0,0,0,0,0,654.284551,82.792571,0,0,0,0,0,0,0,10,None,XENON
125,0x35727cb96fde97c09f0b37ea22749d9f5e03541a,A,43,21,3.2,1,1,0,1,1,19.99895,19.99895,19.99895,19.99811,19.99811,19.99811,0,0,0,2,19.99811,19.99895,0,0.00084,0,0,0,0,0,0,0,0,0,0,0,0,0,0,0,0,0,0,0,0,0,0,0,0,0
126,0x3573f6be93ca7a74c97d02a9df5a6ded5e3ef037,A,46,28,32791.43,2,2,0,1,2,2.476232,4.995,3.735616,2.473557,4.994,3.733779,0,0,0,4,7.46755715,7.47123215,0,0.003675,0,0,0,0,0,0,0,0,0,0,0,0,0,0,0,0,0,0,0,0,0,0,0,0,0
127,0x35756b28f4b749de31c17eabddd3bde990512eea,A,44,24,62.3,3,1,0,1,3,101,101,101,0.05,54.68379,33.666149,0,0,0,4,100.998446,101,0,0.001554,0,0,0,0,0,0,0,0,0,0,0,0,0,0,0,0,0,0,0,0,0,0,0,0,0
128,0x3585ba03f329edd438afb100e735c9184bbb3ee0,A,51,19,803700.77,202,618,0,9,1,0.005397,4,0.337962,0.499473,3.998723,1.033133,0,0,0,820,208.6929354,208.8603836,0,0.167448159,1,0.037866407,0,0,0,1,0,1,0,0,0,0,0.037866,0.037866,0.037866,0,0,0,0,0,0,0,1,None,OmiseGO
129,0x3586781523bd02a377dfbc5ec2d5f9e2414979b6,A,47,25,324.53,2,2,0,2,2,48.960302,52.039698,50.5,48.998974,52,50.499487,0,0,0,4,100.9989738,101,0,0.001026218,0,0,0,0,0,0,0,0,0,0,0,0,0,0,0,0,0,0,0,0,0,0,0,0,0
130,0x358a99c8bdbcc4c866cab7c63ecc986f753b6a11,A,53,25,548093.73,33,36,0,1,2,0.014738,7.353151,1.002566,0.0034,7.352675,1.093283,0,0,0,69,36.0783452,36.09236355,0,0.014018347,1,202.2665294,0,0,0,1,0,1,0,0,0,0,202.266529,202.266529,202.266529,0,0,0,0,0,0,0,1,None,XENON
131,0x3597460e7da0456fed39280ffdd15777780c50fe,A,55,23,468092.53,19,10,0,10,9,0.01,0.997565,0.34488,0,1.64264,0.306535,0,0,0,29,5.824160497,3.44880412,0,-2.375356377,22,252154.2287,252142.6118,0,4,6,0,6,0,0,0,0,0,233822.2093,19396.47913,0,250928.7896,28015.84576,0,0,0,4,6,Telcoin,Telcoin
132,0x35a0770cda49d63ed035b4501e7ff1600b9e65fc,A,52,22,59641.3,14,14,0,2,1,0.121182,1.983838,0.941195,0.120762,1.983418,0.940775,0,0,0,28,13.17085659,13.17673659,0,0.00588,0,0,0,0,0,0,0,0,0,0,0,0,0,0,0,0,0,0,0,0,0,0,0,0,0
133,0x35a331a51714582120f0f0a0ce2a60f489be5e96,A,45,16,142160.55,7,6,0,4,1,1.99,50,15.1225,1.9888,45.004265,12.961399,0,0,0,13,90.72979426,90.735,0,0.00520574,0,0,0,0,0,0,0,0,0,0,0,0,0,0,0,0,0,0,0,0,0,0,0,0,0
134,0x35a344f3bbc856246dda2b72843fc8f70c38c678,A,43,16,974652.08,13,19,0,10,8,0.023066,10.338545,0.676096,0,3.117506,0.987549,0,0,0,32,12.83814053,12.84583132,0,0.007690784,4,78.88375015,0,0,0,4,0,4,0,0,0,0,0,64.312551,19.720938,0,0,0,0,0,0,0,4,None,INS Promo
135,0x35a80a8f2e3f6533f2b7ee9ceadad1b6007e2604,A,53,18,319312.13,0,69,1,4,0,0,1.004336,0.801578,0,0,0,0,0,0,70,0,55.30887946,0,55.30887946,3,5.784249004,0,0,0,3,0,3,0,0,0,0,0.10593,5,1.928083,0,0,0,0,0,0,0,3,None,DATAcoin
136,0x35aa838e84f3086dc7f29e0047c8a7821145cecc,A,53,11,2.38,1,1,0,1,1,1.321723,1.321723,1.321723,1.321251,1.321251,1.321251,0,0,0,2,1.321251014,1.32172265,0,0.000471636,0,0,0,0,0,0,0,0,0,0,0,0,0,0,0,0,0,0,0,0,0,0,0,0,0
137,0x35b7b97e997132714756dd45f9a72d1a624a07b1,A,46,12,311.9,2,1,0,1,2,101,101,101,1.3922,99.606816,50.499508,0,0,0,3,100.9990158,101,0,0.000984218,0,0,0,0,0,0,0,0,0,0,0,0,0,0,0,0,0,0,0,0,0,0,0,0,0
138,0x35bf69fd04c13eec841e25cc58809174500b96a7,A,49,17,226780.37,0,129,1,2,0,0,0.603231,0.250161,0,0,0,0,0,0,130,0,32.27078927,0,32.27078927,2,0.767837078,0,0,0,2,0,2,0,0,0,0,0.347389,0.420448,0.383919,0,0,0,0,0,0,0,2,None,DATAcoin
139,0x35c4032cf3738d09d11f8e297c78da325e1fb733,A,57,26,77.02,3,2,0,2,3,33.316011,67.683989,50.5,2.534007,79.761859,33.666163,0,0,0,5,100.998488,101,0,0.001512,0,0,0,0,0,0,0,0,0,0,0,0,0,0,0,0,0,0,0,0,0,0,0,0,0
140,0x35d9e90113ab8438862adafc51279dbf12073f3c,A,50,21,78.88,4,3,0,3,3,14.274463,55.99832,33.666667,0.001,90.777534,25.249496,0,0,0,7,100.997984,101,0,0.002016,0,0,0,0,0,0,0,0,0,0,0,0,0,0,0,0,0,0,0,0,0,0,0,0,0
141,0x35dd9e2c727b64af6f741417d03cf8ae149c6f2b,A,52,25,374458.65,39,11,0,4,18,0.01347,27.197169,6.817887,0,21.508693,4.359305,0,0,0,50,170.0128994,74.99675469,0,-95.01614472,41,118301.9718,132851.6624,0,7,19,0,17,0,0,0,0,0,57296,4550.075837,0,61707.792,8856.777495,0,0,0,9,16,AirToken,Divi Exchange Token
142,0x35e69cd65886ec0f6f6bccfe53456226de8bd08c,A,57,34,61.55,3,1,0,1,3,101,101,101,0.19906,53.939315,33.666149,0,0,0,4,100.998446,101,0,0.001554,0,0,0,0,0,0,0,0,0,0,0,0,0,0,0,0,0,0,0,0,0,0,0,0,0
143,0x35e72027b290864c1cc4c94bd54c6e685527d02d,A,52,24,56396.1,6,10,0,2,2,24.99,70,29.491,25,75,49.151167,0,0,0,16,294.907,294.91,0,0.003,1,600,0,0,0,1,0,1,0,0,0,0,600,600,600,0,0,0,0,0,0,0,1,None,AICRYPTO
144,0x35e9ab45ca7078656fe29de20aa705b8118b8678,A,63,26,429407.2,25,24,0,19,3,0.005,21.5,4.578251,0,21.49958,4.394682,0,0,0,49,109.86704,109.878029,0,0.010988961,2,71.64209499,71.64209499,0,1,1,0,1,0,0,0,0,71.642095,71.642095,71.642095,71.642095,71.642095,71.642095,0,0,0,1,1,OmiseGO,OmiseGO
145,0x35ea42f703b3b87b400833bd5d425810392ac7fc,A,54,22,1541063.2,1289,1983,0,12,3,0,14.99,0.659009,0.483114,14.98937,1.012759,0,0,0,3272,1305.445757,1306.814135,0,1.368378233,10,476.3495028,0,0,0,8,0,10,0,0,0,0,0,365,47.63495,0,0,0,0,0,0,0,10,None,
146,0x35eaeb19e59fb4e14fd3ca16dc9da73d03ec51fe,A,61,27,1483.4,5,10,0,4,5,0.005,827.7191,95.226721,0.004538,931.71742,190.452969,0,0,0,15,952.2648429,952.2672131,0,0.002370218,0,0,0,0,0,0,0,0,0,0,0,0,0,0,0,0,0,0,0,0,0,0,0,0,0
147,0x35f173f8ee55bd5d3bd19169c8d02b096ec2669f,A,49,21,494014.03,18,16,0,7,9,0.001487,3.348034,1.285465,0,2.1,1.092074,0,0,0,34,19.65732843,20.56743944,0,0.910111008,10,710.2100135,0,0,0,8,0,10,0,0,0,0,0,365,71.021001,0,0,0,0,0,0,0,10,None,Tronix
148,0x35f8078d37906fa4b4c74cdbb5855dc76e5b71fb,A,56,18,319292.87,0,126,1,4,0,0,0.370366,0.17766,0,0,0,0,0,0,127,0,22.38514299,0,22.38514299,3,5.037796577,0,0,0,3,0,3,0,0,0,0,0,4.765665,1.679266,0,0,0,0,0,0,0,3,None,OmiseGO
149,0x3605fc35932ab8e5c7d2b19da72f13844381bd1b,A,50,18,319.67,2,2,0,2,2,45.129696,55.870304,50.5,2.999496,97.99952,50.499508,0,0,0,4,100.9990158,101,0,0.000984218,0,0,0,0,0,0,0,0,0,0,0,0,0,0,0,0,0,0,0,0,0,0,0,0,0
150,0x360947e392c7b11eaea12a2642799a8df331ca7e,A,46,20,994620.28,1704,14,0,6,15,0,4,1.598936,0,13.2,0.039659,0,0,0,1718,67.57934222,22.38510605,0,-45.19423616,18,111350.2812,110850,0,5,8,0,9,0,0,0,0,0,59850,11135.02812,1,59850,13856.25,0,0,0,1,9,EnjinCoin,EnjinCoin
151,0x360c097f1ec5de025431ef79187601b038fc9b9f,A,45,26,940588.23,53,14,0,13,20,0.09,11.40347,5.325508,0,10,1.085525,0,0,0,67,57.53280983,74.5571056,0,17.02429577,149,67776.17189,14364.16324,0,5,36,0,46,0,0,0,0,0,16888,498.354205,0,2500,1104.935634,0,0,0,9,45,BAT,EOS
152,0x36129a807094f2a2ab1883c524e4cfa629596019,A,43,28,192603.35,0,106,1,3,0,0,0.540112,0.217013,0,0,0,0,0,0,107,0,23.0033331,0,23.0033331,2,0.438714575,0,0,0,2,0,2,0,0,0,0,0.118362,0.320353,0.219357,0,0,0,0,0,0,0,2,None,DATAcoin
153,0x36171a892cff3f89bea7e9f45e65009678e4e01b,A,51,17,791776.7,4,4,0,4,2,9.996362,1442.151866,418.361676,9.995306,1442.151446,418.359309,0,0,0,8,1673.437235,1673.446702,0,0.009467107,0,0,0,0,0,0,0,0,0,0,0,0,0,0,0,0,0,0,0,0,0,0,0,0,0
154,0x361de628715053bc29bc40a89d66a180eb9ee085,A,46,20,319.4,3,2,0,2,2,22.587241,78.412759,50.5,0.64943,99.349586,33.666171,0,0,0,5,100.9985118,101,0,0.001488218,0,0,0,0,0,0,0,0,0,0,0,0,0,0,0,0,0,0,0,0,0,0,0,0,0
155,0x3621466f023fa88cdc9d9dcd81f147d93ed3e436,A,52,24,226749.52,0,94,1,4,0,0,1.086713,0.42474,0,0,0,0,0,0,95,0,39.92552298,0,39.92552298,2,1.164349981,0,0,0,2,0,2,0,0,0,0,0.527631,0.636719,0.582175,0,0,0,0,0,0,0,2,None,DATAcoin
156,0x3629b45bbf972adc23c064d31b7d7c6ce17415d5,A,52,27,1727478.58,1978,2004,0,11,3,0.010018,81.322676,4.690398,0.112279,81.321485,4.751224,0,0,0,3982,9397.920647,9399.557032,0,1.636385026,2,100,0,0,0,2,0,2,0,0,0,0,0,100,50,0,0,0,0,0,0,0,2,None,Tronix
157,0x362c622ca61a7d7d2a86fb98c07bb204808ecb29,A,51,16,6221.2,2,2,0,1,1,2.57,87.44,45.005,2.569748,87.439748,45.004748,0,0,0,4,90.00949597,90.01,0,0.00050403,0,0,0,0,0,0,0,0,0,0,0,0,0,0,0,0,0,0,0,0,0,0,0,0,0
158,0x36380f7a3e23d12c44df4420daf5ee47c3b063f9,A,57,26,226776.35,0,7,1,4,0,0,6.711415,2.169652,0,0,0,0,0,0,8,0,15.18756381,0,15.18756381,2,0.789192008,0,0,0,2,0,2,0,0,0,0,0.328098,0.461094,0.394596,0,0,0,0,0,0,0,2,None,DATAcoin
159,0x36438e9604793228868dd7adf008339c70d5bc15,A,57,26,8.92,3,2,0,2,3,102.600415,1898.399585,1000.5,112.508065,1688.491499,666.999528,0,0,0,5,2000.998585,2001,0,0.001414909,0,0,0,0,0,0,0,0,0,0,0,0,0,0,0,0,0,0,0,0,0,0,0,0,0
160,0x364499826ade4a7a4ce79472249806db7f0cf06b,A,49,17,532800.37,126,96,0,41,67,0,37.995,8.270401,0,63,6.405333,0,0,0,222,807.0719434,793.9585305,0,-13.11341292,104,1886994.946,1622129.298,0,23,50,0,51,0,0,0,0,0,623700,28590.83252,0,259808,42687.6131,0,0,0,20,50,EOS,OmiseGO
161,0x364515caf9d7cea6575e0dc17a3538cd88e66823,A,43,21,16188.07,3,3,0,3,1,2,3.5,2.5,1.999537,3.499418,2.499498,0,0,0,6,7.498493153,7.5,0,0.001506847,0,0,0,0,0,0,0,0,0,0,0,0,0,0,0,0,0,0,0,0,0,0,0,0,0
162,0x36459e1f2a115bf720140314e8e212b57aefc8fa,A,44,23,96717.38,5,5,0,1,5,1,8.01,4.202764,0.99958,8.009496,4.202327,0,0,0,10,21.011636,21.01382,0,0.002184,0,0,0,0,0,0,0,0,0,0,0,0,0,0,0,0,0,0,0,0,0,0,0,0,0
163,0x364bc189cf2a6bc58b737cf9f7052a54e8a1737c,A,46,21,15392.6,12,5,0,1,4,0.0001,4.17,1.23602,0,4.165,0.513917,0,0,0,17,6.167,6.1801,0,0.0131,3,2.855219981,2.855219981,0,1,1,0,1,0,0,0,0,2.85522,2.85522,2.85522,2.00E-05,2.8552,1.42761,0,0,0,1,1,DICE,DICE
164,0x3658786ecd837b5f97a3a40fbc4baab051f71518,A,53,22,259433.22,27,39,0,3,1,0.001111,0.140096,0.067484,0.039939,0.139472,0.097059,0,0,0,66,2.620598273,2.631878259,0,0.011279985,1,2.0022198,0,0,0,1,0,1,0,0,0,0,2.00222,2.00222,2.00222,0,0,0,0,0,0,0,1,None,VIU
165,0x36592cccdf4342a4282d7e6d5064c2d486ba6bfb,A,44,18,64.17,3,1,0,1,3,101,101,101,3.72538,53.91641,33.666149,0,0,0,4,100.998446,101,0,0.001554,0,0,0,0,0,0,0,0,0,0,0,0,0,0,0,0,0,0,0,0,0,0,0,0,0
166,0x365ae9e01caa1c26cf48b02c32ceaa65b7fb037f,A,53,25,379403.92,482,482,0,4,1,0.199942,9.176517,1.090077,0.199229,9.17579,1.089319,0,0,0,964,525.051584,525.4169456,0,0.365361549,2,10020.01,0,0,0,2,0,2,0,0,0,0,0.01,10020,5010.005,0,0,0,0,0,0,0,2,None,CANDY
167,0x365b730b44056e1016bb0276c29585cd8bdedf73,A,52,20,65.82,3,1,0,1,3,101,101,101,7.973282,78.025164,33.666149,0,0,0,4,100.998446,101,0,0.001554,0,0,0,0,0,0,0,0,0,0,0,0,0,0,0,0,0,0,0,0,0,0,0,0,0
168,0x36628bb28199a4f2e131fee8faa6b39237a6f33b,A,52,18,649236.18,779,824,0,18,1,2.085653,286.417343,56.381856,2.085233,2953.52516,59.638411,0,0,0,1603,46458.32201,46458.64919,0,0.327180008,0,0,0,0,0,0,0,0,0,0,0,0,0,0,0,0,0,0,0,0,0,0,0,0,0
169,0x367ab58c0746c85e7daaaf067bb6334af39a0ded,A,51,24,219135.02,0,7,1,1,0,1,6.08008,2.056072,0,0,0,0,0,0,8,0,14.39250575,0,14.39250575,0,0,0,0,0,0,0,0,0,0,0,0,0,0,0,0,0,0,0,0,0,0,0,0,0
170,0x3681f7a0b330822a3342976888e771a2481835b0,A,48,25,318.18,2,2,0,2,2,44.673373,56.326627,50.5,6,94.999016,50.499508,0,0,0,4,100.9990158,101,0,0.000984218,0,0,0,0,0,0,0,0,0,0,0,0,0,0,0,0,0,0,0,0,0,0,0,0,0
171,0x3682e986e96e73939ed3238843c71d3d778fe5ba,A,46,24,135382.23,2,1,0,1,2,0.70927,0.70927,0.70927,0.107,0.29554,0.20127,0,0,0,3,0.40253994,0.70926957,0,0.30672963,7,139.7763311,0,0,0,5,0,7,0,0,0,0,0,77.372077,19.968047,0,0,0,0,0,0,0,7,None,XENON
172,0x36889bdb284d4490c03399dbe11b73983ec2a424,A,43,16,327.67,2,1,0,1,2,101,101,101,0.99916,99.999856,50.499508,0,0,0,3,100.9990158,101,0,0.000984218,0,0,0,0,0,0,0,0,0,0,0,0,0,0,0,0,0,0,0,0,0,0,0,0,0
173,0x36bb84e84e5990e0e8b06f1d6b3afc70e09a4cf5,A,52,20,5.7,1,1,0,1,1,1.003982,1.003982,1.003982,1.00351,1.00351,1.00351,0,0,0,2,1.003510264,1.0039819,0,0.000471636,0,0,0,0,0,0,0,0,0,0,0,0,0,0,0,0,0,0,0,0,0,0,0,0,0
174,0x36bdc74443466d1b5b1c08963a6efe9bcbcc194f,A,53,20,1642365.92,2879,3022,0,8,3,0.010005,31.649559,2.258151,0.499446,31.648916,2.369419,0,0,0,5901,6821.556646,6824.131634,0,2.574987535,6,1553030894,0,0,0,4,0,6,0,0,0,0,0,1553030874,258838482.4,0,0,0,0,0,0,0,6,None,https://findtherabbit.me
175,0x36c0b719e36197a4454baac43489a0fc620ef070,A,53,18,234671.05,18,6,0,6,8,0.05,10,4.266438,0,10.04475,1.421005,0,0,0,24,25.57809135,25.598627,0,0.020535648,20,1.000014938,10000.00001,0,4,8,0,5,0,0,0,0,0,1,0.100001,0,9999,1000.000001,0,0,0,4,5,Patientory,Patientory
176,0x36c0c64f8d44b2b1c50e76d4b94f5b9e6a3c2ec3,A,54,21,983405,283,16,0,11,73,0.00763,0.513157,0.121316,0,3.96,0.081465,0,0,0,299,23.05448399,1.94105029,0,-21.1134337,259,961357.0274,587082.7363,0,14,110,0,106,0,0,0,0,0,208169.8428,5196.524472,0,218088.1013,7933.550491,0,0,0,43,103,Countinghouse Fund,Invox Finance Token
177,0x36c75efdcd7712e7501cffd8066e899a0ff5858c,A,50,23,107.1,1,1,0,1,1,0.53,0.53,0.53,0.5278,0.5278,0.5278,0,0,0,2,0.5278,0.53,0,0.0022,0,0,0,0,0,0,0,0,0,0,0,0,0,0,0,0,0,0,0,0,0,0,0,0,0
178,0x36cef04b8fb1679e877499a564b144b8732358fc,A,53,22,972841.62,103,27,0,12,57,0.012692,4.9825,1.643345,0,2.7,0.423506,0,0,0,130,43.62113318,44.37031997,0,0.749186791,125,27830.4376,7808.67659,0,32,42,0,41,0,0,0,0,0,16888,347.88047,0,1391.998241,173.526146,0,0,0,21,41,Storj,Storj
179,0x36cf90c4db0498ba6a525870867e700bf53a9866,A,49,19,300586.47,7,5,0,2,7,0.06,10.918805,7.235761,0,10.105,5.157857,0,0,0,12,36.105,36.178805,0,0.073805,8,159750.7613,159300,0,2,6,0,5,0,0,0,0,0,99000,26625.12688,300,159000,79650,0,0,0,2,5,StatusNetwork,StatusNetwork
180,0x36d0002a39bbe8b828da5225e9f5d2bb997bb283,A,44,28,551017.42,9,8,0,5,2,1,44.992054,11.418546,0.001732,44.991237,10.14844,0,0,0,17,91.33595656,91.34836781,0,0.012411241,0,0,0,0,0,0,0,0,0,0,0,0,0,0,0,0,0,0,0,0,0,0,0,0,0
181,0x36d3637516a869a81e64191532ebd83a35f3cd20,A,45,17,0.95,1,1,0,1,1,4.395,4.395,4.395,4.394214,4.394214,4.394214,0,0,0,2,4.39421394,4.395,0,0.00078606,0,0,0,0,0,0,0,0,0,0,0,0,0,0,0,0,0,0,0,0,0,0,0,0,0
182,0x36d81f643f4d962c68bdd14f7488397029e17d69,A,55,12,1188813.58,141,27,0,10,41,0.002108,2428.901417,280.702992,0,2427,56.310753,0,0,0,168,7939.816235,7578.980785,0,-360.8354499,129,2091652.96,2080091.879,0,19,51,0,26,0,0,0,0,0,302000,25507.96292,0,985937.5972,44257.27402,0,0,0,20,25,Xaurum,ZRX
183,0x36d9b8d8079a9c1acf7ba9988cb4017c616bff26,A,52,22,537.6,1,1,0,1,1,1.99,1.99,1.99,1.989748,1.989748,1.989748,0,0,0,2,1.98974798,1.99,0,0.00025202,0,0,0,0,0,0,0,0,0,0,0,0,0,0,0,0,0,0,0,0,0,0,0,0,0
184,0x36e5c3ed796c9d61a7b450b5b72403f0d6edcc29,A,56,16,244579.02,0,130,1,6,0,0,1.9,0.208538,0,0,0,0,0,0,131,0,27.10995407,0,27.10995407,3,2.194645202,0,0,0,3,0,3,0,0,0,0,0.557933,1,0.731548,0,0,0,0,0,0,0,3,None,DATAcoin
185,0x36ee472dc8b51d2eb743294de3b37fddf7634b58,A,53,27,64.95,3,1,0,1,3,101,101,101,0.99895,53.135948,33.666149,0,0,0,4,100.998446,101,0,0.001554,0,0,0,0,0,0,0,0,0,0,0,0,0,0,0,0,0,0,0,0,0,0,0,0,0
186,0x36ef72ace88d409c2d5ef4d9c8a6c723763905a1,A,44,26,966339.17,36,76,0,6,4,0.007,112.746,32.662884,0,330.869217,68.954255,0,0,0,112,2482.353168,2482.379209,0,0.026041719,8,1764.042366,1756.272366,0,2,3,0,3,0,0,0,0,2.532966,869.22,294.007061,2.532966,1753.7394,878.136183,0,0,0,2,3,OmiseGO,EOS
187,0x36f155dcea57bb0bae939ec3951061c201c45b65,A,55,18,325.1,2,2,0,2,2,29.278805,71.721195,50.5,0.28,100.719016,50.499508,0,0,0,4,100.9990158,101,0,0.000984218,0,0,0,0,0,0,0,0,0,0,0,0,0,0,0,0,0,0,0,0,0,0,0,0,0
188,0x36f6d20f710583cb9e3c8d7926e11551b9017c40,A,45,26,283366.45,33,7,0,6,25,0.01,4.65,1.628329,0,1.5,0.388939,0,0,0,40,12.835,11.39830291,0,-1.43669709,31,13723.04746,16151.10569,0,5,11,0,12,0,0,0,0,0,6000,722.265656,0,5000,1345.925475,0,0,0,8,12,EnjinCoin,ICONOMI
189,0x370dfe2e82aefebd1baac9cc4dcedbd2bd7d09f9,A,47,20,323.77,2,2,0,2,2,46.527963,54.472037,50.5,0.1681,100.830916,50.499508,0,0,0,4,100.9990158,101,0,0.000984218,0,0,0,0,0,0,0,0,0,0,0,0,0,0,0,0,0,0,0,0,0,0,0,0,0
190,0x3719a4e114d213586ef12577fe4716415faa51c0,A,44,21,367210.5,3,2,0,1,2,9,12,10.5,0.1,0.9,0.466667,0,0,0,5,1.4,21,0,19.6,14,1711.27492,0,0,0,10,0,14,0,0,0,0,0,898.338156,122.233923,0,0,0,0,0,0,0,14,None,Tronix
191,0x371b49434413ebb480d5efd0e77f5b11d33cdf26,A,46,19,10.32,4,2,0,2,3,942.711272,1058.288728,1000.5,0.1,1365.6998,500.249528,0,0,0,6,2000.998113,2001,0,0.001886545,0,0,0,0,0,0,0,0,0,0,0,0,0,0,0,0,0,0,0,0,0,0,0,0,0
192,0x3721de6cff1a74d98eb610dd6cc951d7c6affae0,A,43,18,742071.85,10,8,0,7,8,0.004,0.447814,0.175894,0.00024,0.447102,0.140496,0,0,0,18,1.40495651,1.40714988,0,0.00219337,0,0,0,0,0,0,0,0,0,0,0,0,0,0,0,0,0,0,0,0,0,0,0,0,0
193,0x3721f37df5940a9473548e26166eba741ed66e79,A,45,25,20152.48,31,151,0,1,11,0.651035,13.807301,4.743747,0.773679,94.390763,23.106071,0,0,0,182,716.28821,716.3057439,0,0.01753388,0,0,0,0,0,0,0,0,0,0,0,0,0,0,0,0,0,0,0,0,0,0,0,0,0
194,0x37260cc54c423ad640945afe33e00f69f3f829c2,A,43,16,320.73,2,3,0,3,2,13.906797,70.99896,33.666667,30.653908,70.345108,50.499508,0,0,0,5,100.9990158,101,0,0.000984218,0,0,0,0,0,0,0,0,0,0,0,0,0,0,0,0,0,0,0,0,0,0,0,0,0
195,0x3728eed5e5227a7b6d23142446b0f5d2f79a0719,A,47,22,1.45,1,1,0,1,1,0.470629,0.470629,0.470629,0.470158,0.470158,0.470158,0,0,0,2,0.470157784,0.47062942,0,0.000471636,0,0,0,0,0,0,0,0,0,0,0,0,0,0,0,0,0,0,0,0,0,0,0,0,0
196,0x37299afb440510dcb591834753267209f6c8aeac,A,43,16,324.53,2,2,0,2,2,48.791402,52.208598,50.5,35.449712,65.549261,50.499487,0,0,0,4,100.9989738,101,0,0.001026218,0,0,0,0,0,0,0,0,0,0,0,0,0,0,0,0,0,0,0,0,0,0,0,0,0
197,0x372ae11f9768bdde6fe87d515feefbe397d935fe,A,49,17,327560.25,2,1,0,1,2,0.002465,0.002465,0.002465,0,0.000139,7.00E-05,0,0,0,3,0.00013944,0.00246512,0,0.00232568,2,780,780,0,1,1,0,1,0,0,0,0,780,780,780,780,780,780,0,0,0,1,1,Golem,Golem
198,0x3733db2a0680c13ce2a4d229733aa55e53f8cc75,A,44,28,9254.08,1,1,0,1,1,4.995,4.995,4.995,4.99458,4.99458,4.99458,0,0,0,2,4.99457998,4.995,0,0.00042002,0,0,0,0,0,0,0,0,0,0,0,0,0,0,0,0,0,0,0,0,0,0,0,0,0
199,0x373711ba374700391a48d790e0509d7a72b84c43,A,51,26,472021.93,0,6,1,1,0,0,0,0,0,0,0,0,0,0,7,0,0,0,0,0,0,0,0,0,0,0,0,0,0,0,0,0,0,0,0,0,0,0,0,0,0,0,0,0
200,0xbd59a1ab697130e713acff1f46dacde35ec39904,B,43,16,100472.82,0,7,1,2,0,0,92.9,23.128571,0,0,0,0,0,0,8,0,161.9,0,161.9,1,5.189981907,0,0,0,1,0,1,0,0,0,0,5.189982,5.189982,5.189982,0,0,0,0,0,0,0,1,None,OmiseGO
201,0xbd5bec2be74f57434217cf15f46e7f98f0adcb34,B,33,13,21.28,3,70,0,70,3,0.000662,635.53456,28.585714,0.12874,1475.696073,666.999528,0,0,0,73,2000.998585,2001,0,0.001414909,0,0,0,0,0,0,0,0,0,0,0,0,0,0,0,0,0,0,0,0,0,0,0,0,0
202,0xbd67d86fa88fbe5013ea9845c1d241b9858448d3,B,35,14,39813.5,4,2,0,2,2,0.1,7.112437,3.606219,0,7.111996,1.802463,0,0,0,6,7.20985064,7.21243721,0,0.00258657,4,0.53575432,7.57E-07,0,1,2,0,2,0,0,0,0,1.00E-06,0.535754,0.267877,0,1.00E-06,0,0,0,0,1,2,MobileGo,OmiseGO
203,0xbd6dd39b55c7b2af2ac593253ce36d80510178c1,B,45,18,9.63,4,2,0,2,4,940.070967,1060.929033,1000.5,0.001078,1322.172115,500.249528,0,0,0,6,2000.998113,2001,0,0.001886545,0,0,0,0,0,0,0,0,0,0,0,0,0,0,0,0,0,0,0,0,0,0,0,0,0
204,0xbd6fc84464d587ba69efc55ae83dc385a1e9fd0e,B,47,13,323.38,2,2,0,2,2,48.01732,52.98268,50.5,1.818719,99.180296,50.499508,0,0,0,4,100.9990158,101,0,0.000984218,0,0,0,0,0,0,0,0,0,0,0,0,0,0,0,0,0,0,0,0,0,0,0,0,0
205,0xbd73d1326f543f699aec423f1c114e697d62aeb7,B,39,17,535151.08,9,4,0,3,4,0.019035,0.049458,0.02838,0,0.05666,0.011727,0,0,0,13,0.105547354,0.113518593,0,0.007971239,0,0,0,0,0,0,0,0,0,0,0,0,0,0,0,0,0,0,0,0,0,0,0,0,0
206,0xbd79b5e4d51d4bd7fd2f284a199074fff476cc84,B,47,21,1497352.2,1371,1526,0,6,3,0.013062,53.657622,2.773247,0.598929,53.657013,3.085634,0,0,0,2897,4230.40462,4231.974835,0,1.570214888,7,1553039801,0,0,0,7,0,7,0,0,0,0,0,1553029452,221862828.7,0,0,0,0,0,0,0,6,None,BeautyChain
207,0xbd7bfd98170251aca3ca537927295d19c91149a5,B,41,12,226762.2,0,99,1,3,0,0,0.438683,0.203729,0,0,0,0,0,0,100,0,20.1691494,0,20.1691494,2,1.113525147,0,0,0,2,0,2,0,0,0,0,0.265912,0.847614,0.556763,0,0,0,0,0,0,0,2,None,OmiseGO
208,0xbd80183966486d23c7118d5f55850611d57ffc93,B,39,18,216927.17,67,74,0,26,31,0.005664,149.99,18.596762,0.002543,180,20.124595,0,0,0,141,1348.347877,1376.160403,0,27.81252573,9,1927.316367,0,0,0,6,0,9,0,0,0,0,0,976.455775,214.146263,0,0,0,0,0,0,0,9,None,Promodl
209,0xbd89ad82de4f864b481d52204922e333d0a3c342,B,36,9,535137.22,8,4,0,3,3,0.02,0.040816,0.026398,0,0.049458,0.012375,0,0,0,12,0.099001028,0.105592195,0,0.006591167,0,0,0,0,0,0,0,0,0,0,0,0,0,0,0,0,0,0,0,0,0,0,0,0,0
210,0xbd90c42a00e294bfc9aa0e4f5b3aaba5febf17c8,B,44,15,669.4,4,2,0,2,4,437.997864,1563.002136,1000.5,0.001008,1760.669806,500.249559,0,0,0,6,2000.998236,2001,0,0.001764,0,0,0,0,0,0,0,0,0,0,0,0,0,0,0,0,0,0,0,0,0,0,0,0,0
211,0xbd9c6ff9e0e35f166e8ada3563f1672f7a85e4e2,B,44,19,32570.83,4,4,0,3,2,0.16938,0.698106,0.377905,0.16854,0.697266,0.377065,0,0,0,8,1.508260979,1.511620979,0,0.00336,0,0,0,0,0,0,0,0,0,0,0,0,0,0,0,0,0,0,0,0,0,0,0,0,0
212,0xbd9e7fb1bf6669699ab2fc71379eb3f30df13d72,B,40,18,559320.92,12,12,0,4,3,0.100213,14.91536,5.112816,0,24,5.108333,0,0,0,24,61.3,61.35379662,0,0.05379662,11,20986.52341,0,0,0,10,0,11,0,0,0,0,0,16888,1907.865765,0,0,0,0,0,0,0,11,None,Livepeer Token
213,0xbd9ef75ac5a6b90273d5ea8540731ec07f278b60,B,46,11,20.45,1,1,0,1,1,1,1,1,0.9978,0.9978,0.9978,0,0,0,2,0.9978,1,0,0.0022,0,0,0,0,0,0,0,0,0,0,0,0,0,0,0,0,0,0,0,0,0,0,0,0,0
214,0xbdbaf3a9c454f16524caf7facc9c4cf51d3969ec,B,36,18,65350.8,9,6,0,2,3,0.738448,3.709985,1.713252,0.000441,3.2,1.140966,0,0,0,15,10.26869713,10.27950985,0,0.01081272,1,0.040900528,0,0,0,1,0,1,0,0,0,0,0.040901,0.040901,0.040901,0,0,0,0,0,0,0,1,None,OmiseGO
215,0xbdc17155f96b88f29ac1da50549e779686a14b10,B,47,17,452141.97,20,14,0,8,15,0.03,17.5576,4.46227,0,19.5,3.244078,0,0,0,34,64.88155905,62.471781,0,-2.40977805,32,1057544.461,1033217,0,4,20,0,23,0,0,0,0,0,1004400,42301.77842,490,1004400,147602.4286,0,0,0,4,23,EOS,Bancor
216,0xbdc32997ada2b0dda440d82b81daf97f3ff6b46c,B,38,18,444359,32,52,0,5,2,0.049874,0.500142,0.242642,0.049302,1.174635,0.402874,0,0,0,84,12.89196794,12.61736036,0,-0.27460758,1,64.21461637,0,0,0,1,0,1,0,0,0,0,64.214616,64.214616,64.214616,0,0,0,0,0,0,0,1,None,XENON
217,0xbdc6ba7b7c37f9066ebf494d808aef06ad2b4256,B,38,19,6.32,3,2,0,2,3,369.329902,1631.670098,1000.5,9.999528,1206.822327,666.999528,0,0,0,5,2000.998585,2001,0,0.001414909,0,0,0,0,0,0,0,0,0,0,0,0,0,0,0,0,0,0,0,0,0,0,0,0,0
218,0xbdcd1cacdb0a7901ad40289521b3815e429d438b,B,38,22,281787.88,9996,142,0,2,1623,7.50E-05,4.99958,0.119955,0,3.29491,0.000631,0,0,0,10138,6.308549131,17.03359706,0,10.72504793,10000,24537344.94,24536224.23,0,4078,1569,0,1,0,0,0,0,0,750000,7357.524721,0.29,746999.99,3681.353973,0,0,0,1,1,Golem,Golem
219,0xbdd1b4efe66c9f877c70e25d0df0a05445eada4a,B,38,12,8.92,4,2,0,2,4,423.246292,1577.753708,1000.5,0.001,1902.632429,500.249528,0,0,0,6,2000.998113,2001,0,0.001886545,0,0,0,0,0,0,0,0,0,0,0,0,0,0,0,0,0,0,0,0,0,0,0,0,0
220,0xbdd3b73bb5fb343b927b16ff1dee57a4e015966c,B,47,13,944647.38,30,30,0,13,2,2,1459.99895,66.730026,1.997985,1459.9979,66.729189,0,0,0,60,2001.875664,2001.900767,0,0.025102431,0,0,0,0,0,0,0,0,0,0,0,0,0,0,0,0,0,0,0,0,0,0,0,0,0
221,0xbdd9ff37c361172a662cfcb3f01b6b62dbe7e1be,B,38,15,962363.13,481,1128,0,4,2,0.041982,20.504341,1.188723,0,17.508189,2.790068,0,0,0,1609,1342.022888,1340.879878,0,-1.143009304,6,47.07294288,2.00E-05,0,1,5,0,5,0,0,0,0,0,41.892823,9.414589,2.00E-05,2.00E-05,2.00E-05,0,0,0,1,5,Bytom,Livepeer Token
222,0xbde09d2d2c12c97f1652ebc7632a1bdc4813335c,B,42,16,3.87,3,2,0,2,3,962.277364,1038.722636,1000.5,0.244233,1058.587426,666.999528,0,0,0,5,2000.998585,2001,0,0.001414909,0,0,0,0,0,0,0,0,0,0,0,0,0,0,0,0,0,0,0,0,0,0,0,0,0
223,0xbde9d2305e90be41e88f19faef4df85f3d3958b8,B,41,18,3.7,1,1,0,1,1,0.898442,0.898442,0.898442,0.897822,0.897822,0.897822,0,0,0,2,0.89782228,0.89844228,0,0.00062,0,0,0,0,0,0,0,0,0,0,0,0,0,0,0,0,0,0,0,0,0,0,0,0,0
224,0xbdeccf401541f51969c1ea3e9edaa1b2fc7cc7a4,B,46,13,122612.33,0,553,1,126,0,0,241,2.451567,0,0,0,0,0,0,554,0,1355.716767,0,1355.716767,0,0,0,0,0,0,0,0,0,0,0,0,0,0,0,0,0,0,0,0,0,0,0,0,0
225,0xbdf60429ed751afd8b65046aef8c2c27bf3a10f8,B,35,19,22.87,1,1,0,1,1,1,1,1,0.999418,0.999418,0.999418,0,0,0,2,0.999418468,1,0,0.000581532,0,0,0,0,0,0,0,0,0,0,0,0,0,0,0,0,0,0,0,0,0,0,0,0,0
226,0xbdfd4f2bedbf43ae96bddb1d131480583962c705,B,46,16,7.35,3,2,0,2,3,506.763191,1494.236809,1000.5,0.98,1167.944938,666.999528,0,0,0,5,2000.998585,2001,0,0.001414909,0,0,0,0,0,0,0,0,0,0,0,0,0,0,0,0,0,0,0,0,0,0,0,0,0
227,0xbe01499838fcf1c5557056d6c37d0b953349c77d,B,43,15,9925.48,0,2,0,1,0,2.62348,99.99916,51.31132,0,0,0,0,0,0,2,0,102.6226401,0,102.6226401,14,3896.46717,0,0,0,10,0,14,0,0,0,0,0,2052.452801,278.319084,0,0,0,0,0,0,0,14,None,Promodl
228,0xbe048ad04bff4ef943d0e971665b60f02013937e,B,47,7,291453.22,0,99,1,6,0,0,1.005797,0.43786,0,0,0,0,0,0,100,0,43.34809988,0,43.34809988,2,1.447739961,0,0,0,2,0,2,0,0,0,0,0.542756,0.904984,0.72387,0,0,0,0,0,0,0,2,None,OmiseGO
229,0xbe0bafa802b3e720f1a5ff8b88517f1ab91476af,B,45,14,263793.65,9,9,0,5,1,1.99,100.02,45.002072,1.989258,100.019387,45.001307,0,0,0,18,405.0117647,405.0186468,0,0.006882057,0,0,0,0,0,0,0,0,0,0,0,0,0,0,0,0,0,0,0,0,0,0,0,0,0
230,0xbe1506417904dd1c808a8694a2c6e79a96c16b67,B,36,22,41.7,1,1,0,1,1,0.378043,0.378043,0.378043,0.376996,0.376996,0.376996,0,0,0,2,0.376996293,0.37804325,0,0.001046957,0,0,0,0,0,0,0,0,0,0,0,0,0,0,0,0,0,0,0,0,0,0,0,0,0
231,0xbe17e6605407d9527e53352c117eccfe31232a32,B,42,15,226775.15,0,52,1,6,0,0,27.919495,3.666739,0,0,0,0,0,0,53,0,190.670415,0,190.670415,2,3.792600997,0,0,0,2,0,2,0,0,0,0,0.866877,2.925724,1.8963,0,0,0,0,0,0,0,2,None,OmiseGO
232,0xbe1ca10630a34076d7332d75ac4fcd9086c0449a,B,36,17,88342,0,5,1,2,0,0,7.42469,2.250938,0,0,0,0,0,0,6,0,11.25469,0,11.25469,0,0,0,0,0,0,0,0,0,0,0,0,0,0,0,0,0,0,0,0,0,0,0,0,0
233,0xbe26ce79340891d1c48c1303902b849546a30bc8,B,44,25,206799.67,4,2,0,1,3,1.279199,6.789124,4.034162,0,6.773124,2.014885,0,0,0,6,8.059539535,8.0683234,0,0.008783865,3,1.64E-06,1.64E-06,0,1,1,0,1,0,0,0,0,0,1.00E-06,1.00E-06,2.00E-06,2.00E-06,2.00E-06,0,0,0,1,1,Patientory,Patientory
234,0xbe4215ff5b713de8994ff19c977ff0183a900af9,B,33,15,1.63,1,1,0,1,1,0.103282,0.103282,0.103282,0.10281,0.10281,0.10281,0,0,0,2,0.102810311,0.103281947,0,0.000471636,0,0,0,0,0,0,0,0,0,0,0,0,0,0,0,0,0,0,0,0,0,0,0,0,0
235,0xbe441a9cfcb8058569c393751cf5ac83777cdbb3,B,46,16,319303.42,0,34,1,4,0,0,1.001533,0.724616,0,0,0,0,0,0,35,0,24.63694545,0,24.63694545,2,0.301361333,0,0,0,2,0,2,0,0,0,0,0,0.301361,0.150681,0,0,0,0,0,0,0,2,None,OmiseGO
236,0xbe4dfe79790cf61490d195d4bc0082625d829c21,B,39,19,962838.68,247,88,0,64,75,0.002856,1.095,0.095068,0,1.124388,0.037454,0,0,0,335,9.251219942,8.366012265,0,-0.885207677,283,63523.69068,6955.035611,0,54,69,0,47,0,0,0,0,0,19012,330.852556,0,2864.59,76.428963,0,0,0,28,46,EOS,EOS
237,0xbe650b643de386cbb60b89d910e18b118d015364,B,33,13,2.68,1,1,0,1,1,0.151593,0.151593,0.151593,0.151121,0.151121,0.151121,0,0,0,2,0.151121384,0.15159302,0,0.000471636,0,0,0,0,0,0,0,0,0,0,0,0,0,0,0,0,0,0,0,0,0,0,0,0,0
238,0xbe6ac3a3f7605d34313d6693f69b772deacb105a,B,37,17,323,2,1,0,1,2,101,101,101,9.999425,90.999591,50.499508,0,0,0,3,100.9990158,101,0,0.000984218,0,0,0,0,0,0,0,0,0,0,0,0,0,0,0,0,0,0,0,0,0,0,0,0,0
239,0xbe6b4fd50605ef2794e57910b98d3cd3b3ec6fd5,B,34,16,291422.42,0,123,1,4,0,0,0.952747,0.394148,0,0,0,0,0,0,124,0,48.48014312,0,48.48014312,2,1.573539587,0,0,0,2,0,2,0,0,0,0,0.676935,0.896605,0.78677,0,0,0,0,0,0,0,2,None,OmiseGO
240,0xbe6d09b0d125ceeb44ff13a5cc4493858da41240,B,35,13,6.32,3,2,0,2,3,368.844382,1632.155618,1000.5,1,1172.932013,666.999528,0,0,0,5,2000.998585,2001,0,0.001414909,0,0,0,0,0,0,0,0,0,0,0,0,0,0,0,0,0,0,0,0,0,0,0,0,0
241,0xbe76531513b718fb8f9d88ad0eabcdca15b47356,B,34,9,360017.38,19,6,0,2,10,0.01,27.806302,13.503384,0,27,4.247105,0,0,0,25,80.695,81.02030229,0,0.32530229,27,110281.6503,1.000000406,0,2,19,0,24,0,0,0,0,0,82602,4595.068764,0,1,0.333333,0,0,0,2,24,Patientory,Worldcore
242,0xbe774ab84c4fe312715044aa8825b6b8b1b08db5,B,34,15,319332.28,0,112,1,3,0,0,0.416027,0.225268,0,0,0,0,0,0,113,0,25.22999299,0,25.22999299,4,3.55615742,0,0,0,4,0,4,0,0,0,0,0,2.161397,0.889039,0,0,0,0,0,0,0,4,None,OmiseGO
243,0xbe77a3cfd59d08d0f2929447414faa82873986cd,B,43,15,105321.17,4,4,0,4,1,1.269695,12.886041,6.978042,1.268846,12.885375,6.977215,0,0,0,8,27.90885945,27.91216709,0,0.003307644,0,0,0,0,0,0,0,0,0,0,0,0,0,0,0,0,0,0,0,0,0,0,0,0,0
244,0xbe7e618ab3a4ace977b0ddae0d1f4338236942fc,B,46,5,59.73,3,1,0,1,3,101,101,101,0.03,55.696783,33.666149,0,0,0,4,100.998446,101,0,0.001554,0,0,0,0,0,0,0,0,0,0,0,0,0,0,0,0,0,0,0,0,0,0,0,0,0
245,0xbe82a05de9b748701398949eff0d96992b6dc037,B,41,13,229007.07,0,151,1,4,0,0,40,0.772393,0,0,0,0,0,0,152,0,116.6313678,0,116.6313678,2,1.08714116,0,0,0,2,0,2,0,0,0,0,0.156381,0.93076,0.543571,0,0,0,0,0,0,0,2,None,OmiseGO
246,0xbe83401f7f75dcf54a38e2a1dd72fc3363863eb8,B,43,16,436335.2,57,27,0,10,28,0.0477,21.816,4.356378,0,21.81,2.062772,0,0,0,84,117.578,117.6222011,0,0.044201147,47,158769.1,99339.9,0,13,11,0,20,0,0,0,0,0,51100,5880.337037,0,25450,4966.995,0,0,0,12,20,StatusNetwork,KingOfCandy
247,0xbe8932ad29c820e38bf4a9ad92d59deaa62e691f,B,47,12,971600.77,134,80,0,34,62,0.19,69.9976,7.60127,0,45.5,4.993321,0,0,0,214,669.105,608.1015831,0,-61.00341691,111,2369966.96,870293.1247,0,18,45,0,48,0,0,0,0,0,400000,34852.4553,0,100000,20239.37499,0,0,0,15,46,EOS,EOS
248,0xbe90e89c688d84ddc96537ead56b8e51974abf1a,B,46,12,193199.97,98,100,0,3,2,0.009999,0.906731,0.127017,0.049407,0.905681,0.128484,0,0,0,198,12.5914794,12.70166271,0,0.11018331,0,0,0,0,0,0,0,0,0,0,0,0,0,0,0,0,0,0,0,0,0,0,0,0,0
249,0xbe941b7081ba455130f9a9ba050589ae73d2c794,B,33,19,979242.42,37,6,0,2,16,0.1,474.824065,90.601888,0,300.8258,15.225081,0,0,0,43,563.328,543.6113272,0,-19.7166728,56,2165852.471,2104926.829,0,9,29,0,31,0,0,0,0,0,625000,55534.67875,0.2,625000,123819.2252,0,0,0,5,31,StatusNetwork,StatusNetwork
250,0xbe94c71fc92aaa8b85e7612138b49e935df3364f,B,45,13,198903.78,0,5,1,2,0,0,133,28.4262,0,0,0,0,0,0,6,0,142.131,0,142.131,0,0,0,0,0,0,0,0,0,0,0,0,0,0,0,0,0,0,0,0,0,0,0,0,0
251,0xbe94caa3dc151157fe26b11583aa427f1a616412,B,33,18,29771.53,1,3,0,2,1,0.011487,1.882009,0.972736,2.918104,2.918104,2.918104,0,0,0,4,2.918103732,2.918208732,0,0.000105,0,0,0,0,0,0,0,0,0,0,0,0,0,0,0,0,0,0,0,0,0,0,0,0,0
252,0xbe952969054035e91e95031d34b4fa6198095827,B,35,19,324200.25,5,5,0,3,1,0.12,99.979533,24.058907,0.120422,99.978843,24.057709,0,0,0,10,120.2885473,120.2945329,0,0.00598557,0,0,0,0,0,0,0,0,0,0,0,0,0,0,0,0,0,0,0,0,0,0,0,0,0
253,0xbe9724f7fc235f7e63c9a0dc04b95734ad55e1d0,B,39,13,682449.92,89,37,0,15,39,0.01,200,59.090218,0,200,24.788948,0,0,0,126,2206.2164,2186.338056,0,-19.87834377,137,1989768.625,1432690.105,0,14,53,0,43,0,0,0,0,0,1000000,20944.93289,5,1000000,34111.66917,0,0,0,7,43,Qtum,Qtum
254,0xbe9a866bf97bd6949b0dfc17735eafdcc1c15341,B,41,17,272906.85,3,1,0,1,3,0.261083,0.261083,0.261083,0.0025,0.221793,0.086412,0,0,0,4,0.25923537,0.26108337,0,0.001848,1,0.019666444,0,0,0,1,0,1,0,0,0,0,0.019666,0.019666,0.019666,0,0,0,0,0,0,0,1,None,OmiseGO
255,0xbea1041427c527a439ab59430b918e360a018bf4,B,45,9,325.48,2,2,0,2,2,21.87555,79.12445,50.5,5.083,95.915974,50.499487,0,0,0,4,100.9989738,101,0,0.001026218,0,0,0,0,0,0,0,0,0,0,0,0,0,0,0,0,0,0,0,0,0,0,0,0,0
256,0xbea75399764753d682c69133ad7bbc39bfa2c2d1,B,43,14,306978.93,4,5,0,5,1,0.017141,1.363625,0.775485,0.245514,1.375424,0.966333,0,0,0,9,3.86533369,3.877423608,0,0.012089918,0,0,0,0,0,0,0,0,0,0,0,0,0,0,0,0,0,0,0,0,0,0,0,0,0
257,0xbeb6e55fd8c09d95fa699d0f36dd3b91dbb87615,B,44,18,17.93,4,2,0,2,3,929.8564,1071.1436,1000.5,0.015127,1630.459605,500.249528,0,0,0,6,2000.998113,2001,0,0.001886545,0,0,0,0,0,0,0,0,0,0,0,0,0,0,0,0,0,0,0,0,0,0,0,0,0
258,0xbebadb93445f5df661a07f78c1d296b06d8c86d4,B,45,21,1296246.23,98,88,0,13,70,0.651435,956,143.068318,0.000844,1225.999393,128.468897,0,0,0,186,12589.95194,12590.012,0,0.060059041,0,0,0,0,0,0,0,0,0,0,0,0,0,0,0,0,0,0,0,0,0,0,0,0,0
259,0xbebecc87d8153517de53fc74625cb2b6e8290735,B,33,12,447951.67,2,2,0,2,2,0.04895,0.06,0.054475,0.04853,0.059496,0.054013,0,0,0,4,0.108026,0.10895,0,0.000924,0,0,0,0,0,0,0,0,0,0,0,0,0,0,0,0,0,0,0,0,0,0,0,0,0
260,0xbec48a6ff7d71870d5344ce4d6e33019123d63ae,B,40,13,320.48,2,3,0,3,2,9.50177,75.99895,33.666667,49.999016,51,50.499508,0,0,0,5,100.9990158,101,0,0.000984218,0,0,0,0,0,0,0,0,0,0,0,0,0,0,0,0,0,0,0,0,0,0,0,0,0
261,0xbec7fb84da5e185f80b4dafa53cc6bdf7a3c04c6,B,34,23,425265.47,89,25,0,11,50,0.015,12.995,4.346886,0,12,1.368765,0,0,0,114,121.8201,108.6721448,0,-13.14795523,90,1121363.199,1153631.685,0,13,26,0,37,0,0,0,0,0,900000,20388.4218,0,900000,32960.90527,0,0,0,25,37,Monetha,Storj
262,0xbeca675ec6e6d070d3ac9007b3dde668687360ec,B,39,15,326907.17,63,3,0,1,26,0.01,0.1,0.04,0,0,0,0,0,0,66,0,0.12,0,0.12,43,58310.86086,58288.3878,0,20,21,0,6,0,0,0,0,0,3728.734695,2535.25482,0,3728.734695,2914.41939,0,0,0,5,6,WINGS,WINGS
263,0xbed239f79621716089f6d8681a884bade5bd8dad,B,47,15,8.92,4,2,0,2,4,423.272586,1577.727414,1000.5,0.001078,1875.470504,500.249528,0,0,0,6,2000.998113,2001,0,0.001886545,0,0,0,0,0,0,0,0,0,0,0,0,0,0,0,0,0,0,0,0,0,0,0,0,0
264,0xbed8d304be8ee4af8bec6c0316c00ac39486152a,B,43,16,437314.77,60,16,0,4,35,0.009,11,3.455751,0,10.9,1.170085,0,0,0,76,70.2051,55.29200992,0,-14.91309008,50,279530.5869,299971.8167,0,13,19,0,19,0,0,0,0,0,203119.9,9638.985754,0,203119.9,14284.37222,0,0,0,18,19,EOS,EOS
265,0xbedc0aaf335267fe031e2ed9e7f9352eb084ac63,B,38,7,319.72,2,2,0,2,2,50.204463,50.795537,50.5,50.326241,50.672774,50.499508,0,0,0,4,100.9990158,101,0,0.000984218,0,0,0,0,0,0,0,0,0,0,0,0,0,0,0,0,0,0,0,0,0,0,0,0,0
266,0xbeddd53bd7676d40a44295869907cc30575756f1,B,47,12,26722.77,1,1,0,1,1,5.095,5.095,5.095,5.094559,5.094559,5.094559,0,0,0,2,5.094559,5.095,0,0.000441,0,0,0,0,0,0,0,0,0,0,0,0,0,0,0,0,0,0,0,0,0,0,0,0,0
267,0xbee8d66a7249013520650b88164659ced97b36ee,B,33,19,560217.33,29,29,0,4,1,0.010053,1.382891,0.314363,0.009632,1.38247,0.313756,0,0,0,58,9.09893413,9.116522916,0,0.017588786,0,0,0,0,0,0,0,0,0,0,0,0,0,0,0,0,0,0,0,0,0,0,0,0,0
268,0xbeeb29486ec12ae9f92b39de4d89cacc14fd8c03,B,47,13,53.12,3,1,0,1,3,101,101,101,22,54.39248,33.666149,0,0,0,4,100.998446,101,0,0.001554,0,0,0,0,0,0,0,0,0,0,0,0,0,0,0,0,0,0,0,0,0,0,0,0,0
269,0xbf1d429685e695f5b7aedf28f96c2247f4fb403b,B,47,14,324.73,2,2,0,2,2,45.856006,55.143994,50.5,33.1,67.898974,50.499487,0,0,0,4,100.9989738,101,0,0.001026218,0,0,0,0,0,0,0,0,0,0,0,0,0,0,0,0,0,0,0,0,0,0,0,0,0
270,0xbf20b0e05c9915f48139250798e517b3da117b58,B,46,19,68022.1,2,2,0,2,1,48,210.522576,129.261288,47.999294,210.521876,129.260585,0,0,0,4,258.5211708,258.5225765,0,0.00140568,0,0,0,0,0,0,0,0,0,0,0,0,0,0,0,0,0,0,0,0,0,0,0,0,0
271,0xbf26789a7b41de1ac9577883932141795f1010dd,B,42,11,331.07,2,2,0,2,2,45.648342,55.351658,50.5,0.088893,100.910081,50.499487,0,0,0,4,100.9989738,101,0,0.001026218,0,0,0,0,0,0,0,0,0,0,0,0,0,0,0,0,0,0,0,0,0,0,0,0,0
272,0xbf3a299a49d0d783540d5a2ae5d725c88fb80701,B,41,8,958253.35,663,673,0,8,2,0.1,14.760987,1.327136,0.109049,14.760297,1.34638,0,0,0,1336,892.6501253,893.1625897,0,0.512464398,1,1.00E-12,0,0,0,1,0,1,0,0,0,0,0,0,0,0,0,0,0,0,0,0,1,None,www.pnztrust.com
273,0xbf3b9f407615ad07a32032a4d06e6f872cc299d3,B,43,22,3.2,1,1,0,1,1,0.985,0.985,0.985,0.984528,0.984528,0.984528,0,0,0,2,0.984528341,0.985,0,0.000471659,0,0,0,0,0,0,0,0,0,0,0,0,0,0,0,0,0,0,0,0,0,0,0,0,0
274,0xbf3e59f70d6b4df26b1c2618b56932b79dcb4594,B,46,18,2922.18,0,2,1,2,0,16,64.995,40.4975,0,0,0,0,0,0,3,0,80.995,0,80.995,0,0,0,0,0,0,0,0,0,0,0,0,0,0,0,0,0,0,0,0,0,0,0,0,0
275,0xbf423c5eb3d4d047c7e047195b86ec7b551a7237,B,38,13,315.57,2,1,0,1,2,101,101,101,0.01,100.989016,50.499508,0,0,0,3,100.9990158,101,0,0.000984218,0,0,0,0,0,0,0,0,0,0,0,0,0,0,0,0,0,0,0,0,0,0,0,0,0
276,0xbf45980fb6f4d4b50b278ab3109b16c13afaac75,B,45,13,1438236.02,796,803,0,1,2,0.100661,0.547531,0.206967,0.099611,0.839167,0.207728,0,0,0,1599,165.3517808,166.1948641,0,0.843083303,2,1553031969,0,0,0,2,0,2,0,0,0,0,0,1553031969,776515984.5,0,0,0,0,0,0,0,2,None,www.pnztrust.com
277,0xbf4bb87c1420f1a8dc239247fc295d160f9b390b,B,41,12,105138.73,0,8,1,2,0,0,299.995,116.314725,0,0,0,0,0,0,9,0,930.5178,0,930.5178,4,624.9502741,0,0,0,4,0,4,0,0,0,0,1,600,156.237569,0,0,0,0,0,0,0,4,None,OmiseGO
278,0xbf551be868b5655c2c23d21ff4383550b5c26b07,B,33,7,1017592.73,14,8,0,8,11,0.00407,1.519,0.360262,0.00017,1.510906,0.205048,0,0,0,22,2.87066816,2.88209421,0,0.01142605,0,0,0,0,0,0,0,0,0,0,0,0,0,0,0,0,0,0,0,0,0,0,0,0,0
279,0xbf70cf869609d0c054756701a6d2204dd53d5e7b,B,38,19,21.3,3,2,0,2,3,503.18957,1497.81043,1000.5,0.01,1372.757572,666.999528,0,0,0,5,2000.998585,2001,0,0.001414909,0,0,0,0,0,0,0,0,0,0,0,0,0,0,0,0,0,0,0,0,0,0,0,0,0
280,0xbf7d5891678fb2ad1f4aff132095a1bd46dffebf,B,37,15,949.95,1,1,0,1,1,0.15619,0.15619,0.15619,0.150048,0.150048,0.150048,0,0,0,2,0.15004836,0.1561903,0,0.00614194,1,14.273,0,0,0,1,0,1,0,0,0,0,14.273,14.273,14.273,0,0,0,0,0,0,0,1,None,WELL Token
281,0xbf8109bb5bbe70abaad301523814fe30028c27f6,B,42,15,848366.37,211,253,0,12,3,0.0047,2705.202094,390.459478,0,3024.660032,468.180832,0,0,0,464,98786.15555,98786.24791,0,0.092359408,9,107850.817,107850.817,0,1,1,0,1,0,0,0,0,527.3,50570.3,13481.35213,107850.817,107850.817,107850.817,0,0,0,1,1,EOS,EOS
282,0xbf8bc3fc243ba61b9e6352bfff00c83d05708217,B,34,16,5111.45,1,1,0,1,1,0.219528,0.219528,0.219528,0.219087,0.219087,0.219087,0,0,0,2,0.21908737,0.21952837,0,0.000441,0,0,0,0,0,0,0,0,0,0,0,0,0,0,0,0,0,0,0,0,0,0,0,0,0
283,0xbf986dd38f5da395cbc447bc46d9985ce8b6bb70,B,37,16,263607.45,20,140,0,3,1,1.9101,66.47,10.183386,0.008282,333.683963,71.2832,0,0,0,160,1425.664007,1425.6741,0,0.01009335,2,603.1501126,0,0,0,2,0,2,0,0,0,0,3.150113,600,301.575056,0,0,0,0,0,0,0,2,None,OmiseGO
284,0xbf9a7df82bf67ef02200ddb876d9f9d00ae1a849,B,44,13,424211.1,7,3,0,3,5,0.00046,1.073,0.362214,0.001855,0.9,0.154422,0,0,0,10,1.080951779,1.08664198,0,0.005690201,0,0,0,0,0,0,0,0,0,0,0,0,0,0,0,0,0,0,0,0,0,0,0,0,0
285,0xbfb3e3b82455c732a28a034ab92c3b44caae60f5,B,39,11,30.38,1,1,0,1,1,3.33,3.33,3.33,3.329418,3.329418,3.329418,0,0,0,2,3.329418468,3.33,0,0.000581532,0,0,0,0,0,0,0,0,0,0,0,0,0,0,0,0,0,0,0,0,0,0,0,0,0
286,0xbfb7e92ff607f3367fd976add58bd656496b5750,B,46,18,291461.57,0,120,1,6,0,0,1.420211,0.613385,0,0,0,0,0,0,121,0,73.6062338,0,73.6062338,2,2.054251215,0,0,0,2,0,2,0,0,0,0,0.946662,1.107589,1.027126,0,0,0,0,0,0,0,2,None,OmiseGO
287,0xbfd4594896c6f8063c177f4b3fbe8bcade039a2a,B,47,18,325.7,2,2,0,2,2,11.512794,89.487206,50.5,1.225782,99.773233,50.499508,0,0,0,4,100.9990158,101,0,0.000984218,0,0,0,0,0,0,0,0,0,0,0,0,0,0,0,0,0,0,0,0,0,0,0,0,0
288,0xbfdb896d84de1c769c02b479f4642b7fb855b9c0,B,38,17,759.97,3,3,0,3,1,0.2,0.5,0.4,0.199418,0.499418,0.399418,0,0,0,6,1.198255405,1.2,0,0.001744595,0,0,0,0,0,0,0,0,0,0,0,0,0,0,0,0,0,0,0,0,0,0,0,0,0
289,0xbfdbee4ccc415eabeb2b99c30f1b71c20dc44821,B,41,12,300793.87,115,116,0,3,2,0.00878,0.307363,0.141367,0.048997,0.306313,0.141483,0,0,0,231,16.2705214,16.39855471,0,0.128033307,0,0,0,0,0,0,0,0,0,0,0,0,0,0,0,0,0,0,0,0,0,0,0,0,0
290,0xbfe180e33de69b5e4bb106145548185210daafd1,B,31,19,36.77,2,2,0,2,1,0.2,0.67,0.435,0.199431,0.669483,0.434457,0,0,0,4,0.868913297,0.87,0,0.001086703,0,0,0,0,0,0,0,0,0,0,0,0,0,0,0,0,0,0,0,0,0,0,0,0,0
291,0xbfe51e4fc5ebef5d4d2b972eaeae53fffe7ac39a,B,43,15,226788.12,0,156,1,3,0,0,1.571751,0.851018,0,0,0,0,0,0,157,0,132.7588466,0,132.7588466,2,2.77514918,0,0,0,2,0,2,0,0,0,0,0.79786,1.977289,1.387575,0,0,0,0,0,0,0,2,None,OmiseGO
292,0xbfe5aa106a584132fc6bd6f1adb873f4a0912359,B,47,18,21.3,3,2,0,2,3,506.104379,1494.895621,1000.5,0.06,1372.85657,666.999528,0,0,0,5,2000.998585,2001,0,0.001414909,0,0,0,0,0,0,0,0,0,0,0,0,0,0,0,0,0,0,0,0,0,0,0,0,0
293,0xbfeb60dc7673e1d9fe6d61728e858554246e96e8,B,41,11,736857.3,929,929,0,2,3,0.200001,26.44529,0.284086,0,26.445122,0.283582,0,0,0,1858,263.4474484,263.9162486,0,0.468800243,2,10775,10775,0,1,1,0,1,0,0,0,0,10775,10775,10775,10775,10775,10775,0,0,0,1,1,KyberNetwork,KyberNetwork
294,0xbfefa8cec898ba7410b627270dcb50526c4cfe0c,B,43,17,0,0,1,0,1,0,0.099,0.099,0.099,0,0,0,0,0,0,1,0,0.099,0,0.099,0,0,0,0,0,0,0,0,0,0,0,0,0,0,0,0,0,0,0,0,0,0,0,0,0
295,0xbff588246d209dd88dfa6c00e4af2c859b1acdba,B,39,11,437340.97,6,8,0,8,3,0.304085,47.834951,13.440376,0.008635,59.073,17.919973,0,0,0,14,107.5198395,107.5230105,0,0.003171,1,250,0,0,0,1,0,1,0,0,0,0,250,250,250,0,0,0,0,0,0,0,1,None,DOG: The Anti-Scam Reward Token
296,0xbff8f0ea959a4e67aa63ba4f1b9df2cf546a5e13,B,37,12,319340.95,0,165,1,5,0,0,8.351794,3.374267,0,0,0,0,0,0,166,0,556.7541003,0,556.7541003,2,7.210772045,0,0,0,2,0,2,0,0,0,0,0.601774,6.608998,3.605386,0,0,0,0,0,0,0,2,None,OmiseGO
297,0xbffceb7948c4808f71859350e387b8237d153e8b,B,43,17,185155.25,0,77,1,4,0,0,13.0475,0.823752,0,0,0,0,0,0,78,0,63.42887973,0,63.42887973,1,2.131206405,0,0,0,1,0,1,0,0,0,0,2.131206,2.131206,2.131206,0,0,0,0,0,0,0,1,None,OmiseGO
298,0xc005e7c54035ee876a4647d0f78c07f2ca42bb64,B,46,15,326.83,3,6,0,6,2,5.806883,21.167496,16.833333,0.498964,100.000051,33.666176,0,0,0,9,100.9985267,101,0,0.001473262,0,0,0,0,0,0,0,0,0,0,0,0,0,0,0,0,0,0,0,0,0,0,0,0,0
299,0xc025517eccc2aefc3f9535be598e022fe40e21d2,B,40,18,941.07,1,1,0,1,1,1.001,1.001,1.001,0.999654,0.999654,0.999654,0,0,0,2,0.999653795,1.001,0,0.001346205,0,0,0,0,0,0,0,0,0,0,0,0,0,0,0,0,0,0,0,0,0,0,0,0,0
300,0xc026b9aad41d6cea0abce6fb3854645ded45e268,B,41,13,749283.42,29,9,0,3,24,0.015,5.21477,1.616576,0,5.214,0.500788,0,0,0,38,14.522862,14.549182,0,0.02632,59,305973.9048,20090,0,2,40,0,53,0,0,0,0,0,118799.1353,5563.161906,1,19900,5022.5,0,0,0,2,49,Bancor,
301,0xc03408883b739606dfe6c804286b75c9b38328d8,B,43,12,183193.47,0,442,1,3,0,0,182.174882,26.173002,0,0,0,0,0,0,443,0,11568.46676,0,11568.46676,3,608.4264332,0,0,0,3,0,3,0,0,0,0,0,600,202.808811,0,0,0,0,0,0,0,3,None,
302,0xc03aaf14dd7105d278e435fdd7aa5e3248768f0a,B,38,17,228989.5,0,125,1,3,0,0,1.096741,0.443997,0,0,0,0,0,0,126,0,55.49967797,0,55.49967797,1,0.780433467,0,0,0,1,0,1,0,0,0,0,0.780433,0.780433,0.780433,0,0,0,0,0,0,0,1,None,OmiseGO
303,0xc03b1749230b692e9728c07799d1a02169fa671a,B,37,16,199746.97,39,42,0,4,1,0.049007,0.37434,0.071486,0.044021,0.373918,0.076384,0,0,0,81,2.97899047,3.002411682,0,0.023421212,0,0,0,0,0,0,0,0,0,0,0,0,0,0,0,0,0,0,0,0,0,0,0,0,0
304,0xc03ca02d687bb920874ca11c0a7337b17c624cf4,B,36,6,324.97,2,2,0,2,2,37.559047,63.440953,50.5,0.320011,100.679004,50.499508,0,0,0,4,100.9990158,101,0,0.000984218,0,0,0,0,0,0,0,0,0,0,0,0,0,0,0,0,0,0,0,0,0,0,0,0,0
305,0xc03d3fa475f6d5288a6141f11374fb70460cca4d,B,39,7,60508.45,0,3,1,2,0,0,26,9.033333,0,0,0,0,0,0,4,0,27.1,0,27.1,0,0,0,0,0,0,0,0,0,0,0,0,0,0,0,0,0,0,0,0,0,0,0,0,0
306,0xc046a9418344ddee7a6da5e9a806b3155b635b8d,B,36,15,192609.1,0,105,1,3,0,0,0.776565,0.309726,0,0,0,0,0,0,106,0,32.52118249,0,32.52118249,2,1.33559982,0,0,0,2,0,2,0,0,0,0,0.661964,0.673636,0.6678,0,0,0,0,0,0,0,2,None,OmiseGO
307,0xc049abb73e360b7d416bea0382c1670f9ac9b7dc,B,45,15,404622.88,59,84,0,3,1,0.050024,11.347094,0.505571,0.043577,11.346404,0.718568,0,0,0,143,42.3955002,42.46792641,0,0.072426214,0,0,0,0,0,0,0,0,0,0,0,0,0,0,0,0,0,0,0,0,0,0,0,0,0
308,0xc04f0c22768297c6c4fd05e1c1063be0f3b8c876,B,36,7,408396.65,7,12,0,4,2,0.00997,1.459245,0.734224,0.098152,1.767523,1.257381,0,0,0,19,8.801666465,8.81068317,0,0.009016705,0,0,0,0,0,0,0,0,0,0,0,0,0,0,0,0,0,0,0,0,0,0,0,0,0
309,0xc0510c1524b471bea915f2aa5f337a0bdee9223a,B,38,18,517157.15,0,107,1,6,0,0,1.544205,0.402959,0,0,0,0,0,0,108,0,43.11659415,0,43.11659415,6,4.011857633,0,0,0,4,0,6,0,0,0,0,0,2.013493,0.668643,0,0,0,0,0,0,0,6,None,DATAcoin
310,0xc0530d732afcbdcf8731a33abdcc2e90e8cfbc30,B,40,5,493.13,1,1,0,1,1,6.5,6.5,6.5,6.49938,6.49938,6.49938,0,0,0,2,6.49938,6.5,0,0.00062,0,0,0,0,0,0,0,0,0,0,0,0,0,0,0,0,0,0,0,0,0,0,0,0,0
311,0xc059da19a99a3f3efc9a1455ded93746e8cbc4ec,B,42,13,8.8,1,1,0,1,1,0.25,0.25,0.25,0.246747,0.246747,0.246747,0,0,0,2,0.24674689,0.25,0,0.00325311,0,0,0,0,0,0,0,0,0,0,0,0,0,0,0,0,0,0,0,0,0,0,0,0,0
312,0xc06245315e896e8989419d4b2d54a559164e6ba7,B,46,18,51461.73,2,2,0,1,2,4.995,24.995,14.995,4.994528,24.994527,14.994528,0,0,0,4,29.98905526,29.99,0,0.000944737,0,0,0,0,0,0,0,0,0,0,0,0,0,0,0,0,0,0,0,0,0,0,0,0,0
313,0xc0633333c327720e039de963e46ac2793f7f7944,B,38,11,151.92,1,1,0,1,1,0.089258,0.089258,0.089258,0.087058,0.087058,0.087058,0,0,0,2,0.087058,0.089258,0,0.0022,0,0,0,0,0,0,0,0,0,0,0,0,0,0,0,0,0,0,0,0,0,0,0,0,0
314,0xc06857c240c14d0f8b263d3fe60c80062a9ce9a2,B,40,13,411.63,1,1,0,1,1,0.705622,0.705622,0.705622,0.705002,0.705002,0.705002,0,0,0,2,0.705002,0.705622,0,0.00062,0,0,0,0,0,0,0,0,0,0,0,0,0,0,0,0,0,0,0,0,0,0,0,0,0
315,0xc0746edef1a1ab620a8e8011dec5fab44d098a67,B,40,14,266.07,2,2,0,1,1,1.2,1.3444,1.2722,1.196956,1.343759,1.270357,0,0,0,4,2.54071494,2.5444,0,0.00368506,0,0,0,0,0,0,0,0,0,0,0,0,0,0,0,0,0,0,0,0,0,0,0,0,0
316,0xc0752e30eeff800c237cddcd8cfb763368464846,B,42,19,291440.47,0,92,1,5,0,0,9.004703,3.858248,0,0,0,0,0,0,93,0,354.9588313,0,354.9588313,4,148.1314525,0,0,0,4,0,4,0,0,0,0,0.003092,145.635866,37.032863,0,0,0,0,0,0,0,4,None,OmiseGO
317,0xc079330b87530e8817404c8eca904a1d53be2702,B,35,23,464244.67,67,35,0,13,38,0.039,19.998,3.45805,0,21.63,1.872345,0,0,0,102,125.447097,121.0317386,0,-4.415358402,91,200046.5147,68073.38648,0,15,38,0,39,0,0,0,0,0,59974.85389,3449.077841,0,20738.368,2062.829893,0,0,0,17,39,300 Token,Aeternity
318,0xc09308a8d4e319649ff7473fb639005d9081acaa,B,35,14,800307.68,92,92,0,5,3,0.003665,0.358535,0.040793,0.003245,0.358115,0.040369,0,0,0,184,3.713918538,3.75296201,0,0.039043472,0,0,0,0,0,0,0,0,0,0,0,0,0,0,0,0,0,0,0,0,0,0,0,0,0
319,0xc0943051fb221445149f61c6a3ec4f100b1fed7a,B,40,19,226755.65,0,9,1,3,0,0,8.190116,1.77672,0,0,0,0,0,0,10,0,15.9904787,0,15.9904787,1,0.460498871,0,0,0,1,0,1,0,0,0,0,0.460499,0.460499,0.460499,0,0,0,0,0,0,0,1,None,DATAcoin
320,0xc09e14119b3cfcf64596518288f76fc13832e5fc,B,38,17,1.47,1,1,0,1,1,1.266963,1.266963,1.266963,1.266123,1.266123,1.266123,0,0,0,2,1.266123413,1.266963413,0,0.00084,0,0,0,0,0,0,0,0,0,0,0,0,0,0,0,0,0,0,0,0,0,0,0,0,0
321,0xc0ac838b55eaf421ab803ad8721a90043ba84afe,B,38,17,326.03,2,2,0,2,2,45.680147,55.319853,50.5,0.01,100.989016,50.499508,0,0,0,4,100.9990158,101,0,0.000984218,0,0,0,0,0,0,0,0,0,0,0,0,0,0,0,0,0,0,0,0,0,0,0,0,0
322,0xc0bb469b1efb1014a2f888e12550eb16ef9e0773,B,40,15,78.4,3,2,0,2,3,35.352152,65.647848,50.5,0.009405,56.509248,33.666163,0,0,0,5,100.998488,101,0,0.001512,0,0,0,0,0,0,0,0,0,0,0,0,0,0,0,0,0,0,0,0,0,0,0,0,0
323,0xc0c3d1b7df0b6153e291c3a6a0fbab31c5213dee,B,46,14,547982.75,235,540,0,6,69,0.1,7.243584,1.114843,0,21.060219,2.560768,0,0,0,775,601.7805922,602.0150463,0,0.23445412,18,834248.1053,833854.7615,0,7,7,0,9,0,0,0,0,0,717341,83424.81053,19.99,382871.99,104231.8452,0,0,0,1,9,ZMINE Token,ZMINE Token
324,0xc0c743fed2c2a4cd3b235f65b3178a78b6973056,B,47,15,5.7,3,2,0,2,3,125.529496,1875.470504,1000.5,10.5,1552.500721,666.999528,0,0,0,5,2000.998585,2001,0,0.001414909,0,0,0,0,0,0,0,0,0,0,0,0,0,0,0,0,0,0,0,0,0,0,0,0,0
325,0xc0cb882fbbc77816c7da3a88c6c56f3fdae76908,B,45,13,328.15,2,1,0,1,2,101,101,101,1,99.998974,50.499487,0,0,0,3,100.9989738,101,0,0.001026218,0,0,0,0,0,0,0,0,0,0,0,0,0,0,0,0,0,0,0,0,0,0,0,0,0
326,0xc0d007e5371298a932d227fddc3f4d183ba5b9ea,B,36,11,327.12,2,2,0,2,2,45.481026,55.518974,50.5,0.130237,100.868779,50.499508,0,0,0,4,100.9990158,101,0,0.000984218,0,0,0,0,0,0,0,0,0,0,0,0,0,0,0,0,0,0,0,0,0,0,0,0,0
327,0xc0df8637eb675000bd5270be2081f6826f89b2be,B,36,16,330.63,3,2,0,2,3,21.842764,79.157236,50.5,0.1,99.898025,33.666008,0,0,0,5,100.9980255,101,0,0.001974506,0,0,0,0,0,0,0,0,0,0,0,0,0,0,0,0,0,0,0,0,0,0,0,0,0
328,0xc0e57c5075c4a81dc8478461438191c669690d6e,B,39,12,13891.88,1,1,0,1,1,0.995,0.995,0.995,0.985,0.985,0.985,0,0,0,2,0.985,0.995,0,0.01,0,0,0,0,0,0,0,0,0,0,0,0,0,0,0,0,0,0,0,0,0,0,0,0,0
329,0xc0e6bf31497f62755b207798d236b6410ad849a2,B,45,13,4.77,1,1,0,1,1,1,1,1,0.99916,0.99916,0.99916,0,0,0,2,0.99916,1,0,0.00084,0,0,0,0,0,0,0,0,0,0,0,0,0,0,0,0,0,0,0,0,0,0,0,0,0
330,0xc0eab29d862edeb01e7089e27b07149ce2a8e29f,B,30,18,106350.23,3,3,0,3,1,0.111248,0.7,0.308922,0.110793,0.69951,0.308422,0,0,0,6,0.925266803,0.9267651,0,0.001498297,0,0,0,0,0,0,0,0,0,0,0,0,0,0,0,0,0,0,0,0,0,0,0,0,0
331,0xc0edcbda503f28ec840ab9ca31acbee792ce3da4,B,41,19,327.92,2,2,0,2,2,45.565263,55.434737,50.5,0.005896,100.99312,50.499508,0,0,0,4,100.9990158,101,0,0.000984218,0,0,0,0,0,0,0,0,0,0,0,0,0,0,0,0,0,0,0,0,0,0,0,0,0
332,0xc0eef628c78a2845f045d2f088c18a8b52885a4e,B,38,14,322.15,5,3,0,3,3,0.898564,97.793869,33.666667,0.06,98.187551,20.19951,0,0,0,8,100.9975513,101,0,0.002448655,0,0,0,0,0,0,0,0,0,0,0,0,0,0,0,0,0,0,0,0,0,0,0,0,0
333,0xc0fb002eb9877b683325b86bd77802c05863f5a2,B,45,7,1031393.57,166,211,0,4,1,0.188403,1.004953,0.713717,0.534578,3.008981,0.90588,0,0,0,377,150.3760591,150.5943348,0,0.218275639,4,465.0288746,0,0,0,3,0,4,0,0,0,0,0,365,116.257219,0,0,0,0,0,0,0,4,None,Bulleon Promo Token
334,0xc111d172e0016b75508388c03fa4897209643337,B,34,13,287022.63,2,3,0,2,1,0.050584,0.147742,0.082986,0.097961,0.143255,0.120608,0,0,0,5,0.2412164,0.248956532,0,0.007740132,0,0,0,0,0,0,0,0,0,0,0,0,0,0,0,0,0,0,0,0,0,0,0,0,0
335,0xc120c9ae79e709f96a3f70dfb277ef36ee2bf7a8,B,35,14,68.3,3,1,0,1,3,101,101,101,0.217486,67.622001,33.666149,0,0,0,4,100.998446,101,0,0.001554,0,0,0,0,0,0,0,0,0,0,0,0,0,0,0,0,0,0,0,0,0,0,0,0,0
336,0xc12c19e7cde4ec7b7a939882bff9ef53a8cc2aaf,B,31,14,329.92,2,3,0,3,2,4.418699,75.413792,33.666667,1,99.998974,50.499487,0,0,0,5,100.9989738,101,0,0.001026218,0,0,0,0,0,0,0,0,0,0,0,0,0,0,0,0,0,0,0,0,0,0,0,0,0
337,0xc134238833aca681dbbfda48d8df3d2f486b943e,B,43,18,357705.32,0,1370,1,5,0,0,1.001729,0.107189,0,0,0,0,0,0,1371,0,146.8494813,0,146.8494813,3,3.458723843,0,0,0,3,0,3,0,0,0,0,0.315926,2.142798,1.152908,0,0,0,0,0,0,0,3,None,OmiseGO
338,0xc13522200f9854cd50d4c4475fbe54d5fc3f076b,B,43,13,2204.7,1,1,0,1,1,12.859018,12.859018,12.859018,12.858398,12.858398,12.858398,0,0,0,2,12.85839771,12.85901771,0,0.00062,0,0,0,0,0,0,0,0,0,0,0,0,0,0,0,0,0,0,0,0,0,0,0,0,0
339,0xc1357ddaf8a446a17d8c643bdeb898c02ad4813a,B,33,16,226780.42,0,27,1,4,0,0,1.001728,0.838162,0,0,0,0,0,0,28,0,22.63037676,0,22.63037676,2,1.073174872,0,0,0,2,0,2,0,0,0,0,0.226055,0.84712,0.536587,0,0,0,0,0,0,0,2,None,OmiseGO
340,0xc13b355a44b1edcf28f27668c057d6cef45b7204,B,39,13,314.65,2,1,0,1,2,101,101,101,0.4995,100.499516,50.499508,0,0,0,3,100.9990158,101,0,0.000984218,0,0,0,0,0,0,0,0,0,0,0,0,0,0,0,0,0,0,0,0,0,0,0,0,0
341,0xc13feb6480940b9d6480c6a12a54e4531c368b99,B,34,15,325.1,3,2,0,2,3,15.186801,85.813199,50.5,1.142635,80.85421,33.666179,0,0,0,5,100.9985356,101,0,0.001464437,0,0,0,0,0,0,0,0,0,0,0,0,0,0,0,0,0,0,0,0,0,0,0,0,0
342,0xc140ed418b1c4adbc2919d5bc1ace49c9f65ba26,B,40,7,1055315.08,5766,6,0,3,255,0.09958,4.999685,2.866331,0,6.407857,0.001199,0,0,0,5772,6.915563391,17.19798495,0,10.28242156,9566,1553034438,2.48E-05,0,468,270,0,24,0,0,0,0,0,1553031314,333483.8818,0,1.00E-06,0,0,0,0,1,24,DGD,DGD
343,0xc14a03d0089205f77edb899728ec6f5cd07739ce,B,41,13,14806.62,2,2,0,1,2,12.863848,46.86489,29.864369,12.863376,46.864449,29.863912,0,0,0,4,59.72782464,59.72873728,0,0.000912636,0,0,0,0,0,0,0,0,0,0,0,0,0,0,0,0,0,0,0,0,0,0,0,0,0
344,0xc1547b13922f858bdc810dfafbaa3c6e8cd0e4b5,B,44,14,10.67,3,2,0,2,3,936.943364,1064.056636,1000.5,0.02,1366.726906,666.999528,0,0,0,5,2000.998585,2001,0,0.001414909,0,0,0,0,0,0,0,0,0,0,0,0,0,0,0,0,0,0,0,0,0,0,0,0,0
345,0xc15748035965c228c25946c7e09489bf378cd6c9,B,40,15,759016.45,3,11,0,3,3,0.1,0.254473,0.134375,0.1,0.172,0.144,0,0,0,14,0.432,1.47812336,0,1.04612336,5,75.50306119,0,0,0,4,0,5,0,0,0,0,0,66.140394,15.100612,0,0,0,0,0,0,0,5,None,Livepeer Token
346,0xc16b86bf94dd5a21c5362c6952c5f51ad11d1890,B,30,13,758388.17,63,48,0,13,24,0.00344,137.189827,5.252367,0.000757,85,3.976395,0,0,0,111,250.5128965,252.1136,0,1.600703495,10,1682.875902,0,0,0,8,0,10,0,0,0,0,0,896.429727,168.28759,0,0,0,0,0,0,0,10,None,Livepeer Token
347,0xc16dd53be29373902f11958e4c0be639d7f12ea2,B,43,9,45215.15,1409,18,1,8,6,0.3,50,13.859144,0,75,0.593368,0,0,0,1428,836.0553112,249.4645849,0,-586.5907262,0,0,0,0,0,0,0,0,0,0,0,0,0,0,0,0,0,0,0,0,0,0,0,0,0
348,0xc17069f3258b8ac53583eb314f4b4e8599229d4d,B,42,15,9.72,3,2,0,2,3,955.700798,1045.299202,1000.5,79.1,1001.283372,666.999528,0,0,0,5,2000.998585,2001,0,0.001414909,0,0,0,0,0,0,0,0,0,0,0,0,0,0,0,0,0,0,0,0,0,0,0,0,0
349,0xc172855547d3e40136ef59a9cdf815aa0a1b7908,B,37,16,12135.37,6,2,0,2,6,0.79,6.7,3.745,0.19,2.176452,1.247892,0,0,0,8,7.487354,7.49,0,0.002646,0,0,0,0,0,0,0,0,0,0,0,0,0,0,0,0,0,0,0,0,0,0,0,0,0
350,0xc18834b7f5572a3c94ea808a7aa5bfa47733bafc,B,42,18,226755.98,0,136,1,3,0,0,0.58905,0.249614,0,0,0,0,0,0,137,0,33.94744703,0,33.94744703,2,0.984741298,0,0,0,2,0,2,0,0,0,0,0.447638,0.537103,0.492371,0,0,0,0,0,0,0,2,None,OmiseGO
351,0xc19003417caa2852236c0727e572e4339102e5a2,B,39,16,186815.75,5,24,0,2,5,0.000193,0.1207,0.011878,0.005,0.11,0.0554,0,0,0,29,0.277,0.28507527,0,0.00807527,1,1.00E-12,0,0,0,1,0,1,0,0,0,0,0,0,0,0,0,0,0,0,0,0,1,None,Polybius
352,0xc19709c42e1f385baec1b29e692ef156c456707c,B,42,12,420218.75,28,46,0,1,2,0.191562,1.009477,0.853831,0.194777,10.020029,1.402229,0,0,0,74,39.26240959,39.27621123,0,0.013801639,0,0,0,0,0,0,0,0,0,0,0,0,0,0,0,0,0,0,0,0,0,0,0,0,0
353,0xc19984199cae6ffef8c0211b95ad47224a1b2606,B,47,14,328.03,2,1,0,1,2,101,101,101,0.985572,100.013412,50.499492,0,0,0,3,100.9989842,101,0,0.00101578,0,0,0,0,0,0,0,0,0,0,0,0,0,0,0,0,0,0,0,0,0,0,0,0,0
354,0xc1a172a867e20e2f0f21f2e2d319a34993a00c4d,B,38,19,7194.6,4,4,0,4,1,0.069154,0.454386,0.26185,0.068713,0.449386,0.260279,0,0,0,8,1.041114628,1.04740045,0,0.006285822,0,0,0,0,0,0,0,0,0,0,0,0,0,0,0,0,0,0,0,0,0,0,0,0,0
355,0xc1a4e1e68f3ba614570b314f2139b7baddc934f9,B,40,19,48.07,4,1,0,1,4,101,101,101,0.001,56.255387,25.249475,0,0,0,5,100.9979,101,0,0.0021,0,0,0,0,0,0,0,0,0,0,0,0,0,0,0,0,0,0,0,0,0,0,0,0,0
356,0xc1a50bf61387b66566cca2319a37d6e1b4782fce,B,47,15,325.83,2,2,0,2,2,4.788904,96.211096,50.5,4.5,96.498974,50.499487,0,0,0,4,100.9989738,101,0,0.001026218,0,0,0,0,0,0,0,0,0,0,0,0,0,0,0,0,0,0,0,0,0,0,0,0,0
357,0xc1a87d68b7b60ddae2504255ef8fbc8f1fa33400,B,46,15,197931.87,5,5,0,2,2,0.003634,1.628805,0.366901,0.003214,1.628385,0.366476,0,0,0,10,1.832382371,1.834503371,0,0.002121,0,0,0,0,0,0,0,0,0,0,0,0,0,0,0,0,0,0,0,0,0,0,0,0,0
358,0xc1b534c61462a2df8a9d267f4fed80b127000e04,B,45,15,477.02,1,1,0,1,1,0.5,0.5,0.5,0.49938,0.49938,0.49938,0,0,0,2,0.49938,0.5,0,0.00062,0,0,0,0,0,0,0,0,0,0,0,0,0,0,0,0,0,0,0,0,0,0,0,0,0
359,0xc1b5c05bf06775b8c2f5f2f501dabe2ab3512a98,B,40,11,422257.08,125,126,0,1,1,0.014222,1.10745,0.996285,0.999032,1.106842,1.003501,0,0,0,251,125.4376302,125.5318725,0,0.094242259,0,0,0,0,0,0,0,0,0,0,0,0,0,0,0,0,0,0,0,0,0,0,0,0,0
360,0xc1b6bd01696b4cc2dbecc27c4a1bba62c2477ed5,B,40,15,1.67,1,1,0,1,1,0.1,0.1,0.1,0.099528,0.099528,0.099528,0,0,0,2,0.099528364,0.1,0,0.000471636,0,0,0,0,0,0,0,0,0,0,0,0,0,0,0,0,0,0,0,0,0,0,0,0,0
361,0xc1ba58043ac075a5e42cdb84d792a997a3c8957a,B,41,9,328.57,2,1,0,1,2,101,101,101,0.030014,100.969001,50.499508,0,0,0,3,100.9990158,101,0,0.000984218,0,0,0,0,0,0,0,0,0,0,0,0,0,0,0,0,0,0,0,0,0,0,0,0,0
362,0xc1bb454ba6d63b710290f9b0bc92708e71d9c504,B,38,17,320.07,3,2,0,2,3,49.696997,51.303003,50.5,2.860824,69.371996,33.666179,0,0,0,5,100.9985356,101,0,0.001464437,0,0,0,0,0,0,0,0,0,0,0,0,0,0,0,0,0,0,0,0,0,0,0,0,0
363,0xc1bcaf9378be1ee0dc49f760717d15ba8d18cfb4,B,43,17,4.02,3,2,0,2,3,507.988954,1493.011046,1000.5,13.86,1530.988904,666.999528,0,0,0,5,2000.998585,2001,0,0.001414909,0,0,0,0,0,0,0,0,0,0,0,0,0,0,0,0,0,0,0,0,0,0,0,0,0
364,0xc1c1803201bfe310d3b7ca56a4cd14ade736a1f4,B,35,11,10.43,3,2,0,2,3,151.971625,1849.028375,1000.5,0.096,1474.821132,666.999528,0,0,0,5,2000.998585,2001,0,0.001414909,0,0,0,0,0,0,0,0,0,0,0,0,0,0,0,0,0,0,0,0,0,0,0,0,0
365,0xc1c938ed72e2d609c0ac0084d30f6ae438a99dc4,B,43,18,331.33,2,2,0,2,2,9.744303,91.255697,50.5,1.089758,99.909216,50.499487,0,0,0,4,100.9989738,101,0,0.001026218,0,0,0,0,0,0,0,0,0,0,0,0,0,0,0,0,0,0,0,0,0,0,0,0,0
366,0xc1dd7d2fa032a9a0762b3517fef06b83755a72a2,B,35,13,541432.73,117,118,0,3,66,0.198485,8.027599,1.774828,0.000636,8.999691,1.789313,0,0,0,235,209.349598,209.429756,0,0.080158042,0,0,0,0,0,0,0,0,0,0,0,0,0,0,0,0,0,0,0,0,0,0,0,0,0
367,0xc1eafe0a500b40404ce0e6a04ba4e804b0a6d796,B,36,16,330.42,1,1,0,1,1,12.054383,12.054383,12.054383,12.053763,12.053763,12.053763,0,0,0,2,12.0537628,12.0543828,0,0.00062,0,0,0,0,0,0,0,0,0,0,0,0,0,0,0,0,0,0,0,0,0,0,0,0,0
368,0xc1f2a874d7dc50e95c4b8dea2a5e79a69dceff89,B,43,14,110386.97,7,7,0,3,7,0.089998,2,0.544092,0.088948,1.999559,0.543451,0,0,0,14,3.804156307,3.808644494,0,0.004488187,0,0,0,0,0,0,0,0,0,0,0,0,0,0,0,0,0,0,0,0,0,0,0,0,0
369,0xc1f9bb72216e5ecdc97e248f65e14df1fe46600a,B,36,7,1255463.42,147,58,3,18,60,1.00E-05,6.999,0.603072,0,13,0.262823,0,0,0,208,38.6349109,34.97816403,0,-3.656746874,72,48467.97075,12130.23396,0,13,43,0,47,0,0,0,0,0,15000,850.315276,0,10000.0001,808.682264,0,0,0,10,47,Dai Stablecoin v1.0,LikeCoin
370,0xc1fde42654589f724bafac33635a763487c85b03,B,41,15,708266.85,125,52,0,18,58,0,124.995,13.35859,0,125,8.806489,0,0,0,177,1100.811139,694.6466924,0,-406.1644465,119,954229.9552,448394.9687,0,24,41,0,49,0,0,0,0,0,200438.139,14032.79346,0,186200,8792.05821,0,0,0,22,48,Ethos,EOS
371,0xc20b997e35bb6912aee5990a0baf9c72c4a3981d,B,38,14,117541.65,4,3,0,2,4,1.137364,2.084378,1.74519,0,5.032943,1.308236,0,0,0,7,5.23294257,5.23556985,0,0.00262728,3,104.8060285,4,0,1,2,0,2,0,0,0,0,0.379146,104.426882,52.403014,4,4,4,0,0,0,1,2,Golem,OmiseGO
372,0xc20d60b4a45a82cc129d1f8f7f4572dbdbc8e3dd,B,40,9,3800.45,3,3,0,2,1,0.1,5,1.913333,0.096747,4.999173,1.91182,0,0,0,6,5.73546023,5.74,0,0.00453977,0,0,0,0,0,0,0,0,0,0,0,0,0,0,0,0,0,0,0,0,0,0,0,0,0
373,0xc222e66326f29bf9c56b1a7ae5a7a68f3fdf737a,B,42,11,326.28,2,1,0,1,2,101,101,101,0.425909,100.573106,50.499508,0,0,0,3,100.9990158,101,0,0.000984218,0,0,0,0,0,0,0,0,0,0,0,0,0,0,0,0,0,0,0,0,0,0,0,0,0
374,0xc22e01d69d3ff22324b2c2ae09c02b017d58beaf,B,43,18,774665.27,5,5,0,2,2,0.060112,1.061977,0.45558,0.059606,1.056977,0.455202,0,0,0,10,2.27600831,2.27790188,0,0.00189357,0,0,0,0,0,0,0,0,0,0,0,0,0,0,0,0,0,0,0,0,0,0,0,0,0
375,0xc22f5e8e3ec3229e2b488e148a42e7aebb673e08,B,40,11,9.55,0,1,1,1,0,4.3,4.3,4.3,0,0,0,0,0,0,2,0,4.3,0,4.3,0,0,0,0,0,0,0,0,0,0,0,0,0,0,0,0,0,0,0,0,0,0,0,0,0
376,0xc235f4b58765f7919bb2365db84446271a7d49bb,B,36,16,402787.13,8436,79,0,5,6711,0.001,2000,322.953389,0.0001,403.499476,3.025691,0,0,0,8515,25524.72739,25513.31777,0,-11.40961933,8,10787.46489,0,0,0,7,0,8,0,0,0,0,0,8000.000024,1348.433111,0,0,0,0,0,0,0,8,None,Livepeer Token
377,0xc236c75d8cd648de34e6a23178817f02b4511b9f,B,37,17,70084.88,5,5,0,5,1,0.2,32.618731,10.768074,0.197184,32.61806,10.766084,0,0,0,10,53.83041878,53.84036864,0,0.00994986,0,0,0,0,0,0,0,0,0,0,0,0,0,0,0,0,0,0,0,0,0,0,0,0,0
378,0xc23b8772a29cd8de01b9372a41e4373d1f6fca98,B,42,12,19440.08,7,8,0,6,5,0.1,4.147336,2.072453,0.1,11.193293,2.366185,0,0,0,15,16.56329292,16.57962687,0,0.016333949,4,1.16E-07,0,0,0,3,0,3,0,0,0,0,0,0,0,0,0,0,0,0,0,0,3,None,DCORP
379,0xc23ef154b9d6532309fce711639df192715e3361,B,38,18,283902.25,0,119,1,3,0,0,7.99,0.298794,0,0,0,0,0,0,120,0,35.55644673,0,35.55644673,4,160.8278978,0,0,0,4,0,4,0,0,0,0,0,159.8,40.206974,0,0,0,0,0,0,0,4,None,OmiseGO
380,0xc243f4a865ccddade5739307bf9633dfea93a291,B,35,15,321.37,2,2,0,2,2,40.50131,60.49869,50.5,10.740311,90.25826,50.499286,0,0,0,4,100.9985715,101,0,0.001428506,0,0,0,0,0,0,0,0,0,0,0,0,0,0,0,0,0,0,0,0,0,0,0,0,0
381,0xc2516aa8057a32ea6b4278a3f5aaeca0be1c7383,B,45,8,250162.2,0,22,1,3,0,0,0.299969,0.246785,0,0,0,0,0,0,23,0,5.429273945,0,5.429273945,2,0.742184466,0,0,0,2,0,2,0,0,0,0,0.203055,0.539129,0.371092,0,0,0,0,0,0,0,2,None,OmiseGO
382,0xc257274276a4e539741ca11b590b9447b26a8051,B,35,17,259666.2,355,9645,0,1125,2,0.034237,5888.398278,169.613266,0.097,5000,2944.642983,0,0,0,10000,1045348.259,1635919.955,0,590571.696,161,691249776.1,69696.1477,0,1,124,0,127,0,0,0,0,0,690477679,4320311.101,69696.1477,69696.1477,69696.1477,0,0,0,1,124,OmiseGO,Maximine Coin
383,0xc25f9fdff683c107ebcf558ffbcba26289efe71a,B,41,11,3.45,1,1,0,1,1,0.501758,0.501758,0.501758,0.500528,0.500528,0.500528,0,0,0,2,0.50052789,0.50175771,0,0.00122982,0,0,0,0,0,0,0,0,0,0,0,0,0,0,0,0,0,0,0,0,0,0,0,0,0
384,0xc266935e488cf58522fd60065205a9199e4e2ced,B,34,13,1809948.35,3146,4842,0,10,3,0.010028,26.887397,1.535968,0.487653,26.878481,2.363068,0,0,0,7988,7434.212282,7437.15648,0,2.944197572,8,1553032366,0,0,0,6,0,8,0,0,0,0,0,1553031895,194129045.8,0,0,0,0,0,0,0,8,None,Livepeer Token
385,0xc266bea595a5b20989f86eb7f18792426d0f3cd1,B,40,11,107859.17,24,24,0,1,24,0.198639,0.99894,0.407402,0.197561,0.998436,0.406882,0,0,0,48,9.765170871,9.777639579,0,0.012468707,0,0,0,0,0,0,0,0,0,0,0,0,0,0,0,0,0,0,0,0,0,0,0,0,0
386,0xc267113157515e74916de2abcb8c808b127f33ab,B,40,12,10427.32,2,2,0,1,2,0.188353,0.201109,0.194731,0.188517,0.2,0.194259,0,0,0,4,0.388517407,0.389462407,0,0.000945,0,0,0,0,0,0,0,0,0,0,0,0,0,0,0,0,0,0,0,0,0,0,0,0,0
387,0xc268e4e0d212b8c3679e3d1cd5b211d8ecc6843a,B,43,11,429173.2,1212,20,0,6,27,5.00E-05,18.469511,5.169613,0,18,0.093821,0,0,0,1232,113.711,103.3922662,0,-10.31873377,94,142411.7427,46794.12353,0,10,30,0,35,0,0,0,0,0,24000,2005.799192,0,7744.574,2034.52711,0,0,0,12,35,Ethos,Centra
388,0xc26ebbee7ef1323040d45948ba142f26c002723d,B,39,13,106083,1,1,0,1,1,0.166116,0.166116,0.166116,0.165675,0.165675,0.165675,0,0,0,2,0.16567455,0.16611639,0,0.00044184,1,0.012512933,0,0,0,1,0,1,0,0,0,0,0.012513,0.012513,0.012513,0,0,0,0,0,0,0,1,None,OmiseGO
389,0xc27bee356c940dda23a8f0f3fa1c297128879b4b,B,39,12,200119.98,0,230,1,4,0,0,2.238959,0.428419,0,0,0,0,0,0,231,0,98.53634941,0,98.53634941,2,2.197269521,0,0,0,2,0,2,0,0,0,0,0.616216,1.581054,1.098635,0,0,0,0,0,0,0,2,None,OmiseGO
390,0xc2844e5dc1ec83a8f1875c3f7c845f014fe15255,B,39,18,628776.33,2,2,0,2,2,1.529538,9.4,5.464769,1.527946,9.398053,5.462999,0,0,0,4,10.9259988,10.929538,0,0.003539202,0,0,0,0,0,0,0,0,0,0,0,0,0,0,0,0,0,0,0,0,0,0,0,0,0
391,0xc28a044d1bb3e422ef1aa3dcad8ab291e28a8af3,B,38,16,285411.65,2,2,0,2,2,0.011388,0.257154,0.134271,0.007188,0.254342,0.130765,0,0,0,4,0.26152955,0.26854191,0,0.00701236,2,2543.4191,0,0,0,2,0,2,0,0,0,0,0,2543.4191,1271.70955,0,0,0,0,0,0,0,2,None,BitDegree
392,0xc291caf66c88695923796aba6043ff9c81f86d93,B,42,12,12.27,3,2,0,2,3,740.751202,1260.248798,1000.5,0.250303,1163.145355,666.999528,0,0,0,5,2000.998585,2001,0,0.001414909,0,0,0,0,0,0,0,0,0,0,0,0,0,0,0,0,0,0,0,0,0,0,0,0,0
393,0xc29dec472e11e0cda061a23a45d14cb4b2ac2f6b,B,45,13,245333.43,6,14,0,4,1,0.98,52.5021,17.820712,0.008559,125.048674,41.581093,0,0,0,20,249.4865563,249.4899637,0,0.00340736,1,600,0,0,0,1,0,1,0,0,0,0,600,600,600,0,0,0,0,0,0,0,1,None,AICRYPTO
394,0xc2ad26406bf64292779cdfc1995f74a5b89c923a,B,40,18,335269.33,0,99,1,5,0,0,0.546415,0.21531,0,0,0,0,0,0,100,0,21.31573654,0,21.31573654,2,1.123483848,0,0,0,2,0,2,0,0,0,0,0.268871,0.854613,0.561742,0,0,0,0,0,0,0,2,None,OmiseGO
395,0xc2b60dc832fd5c6a2c0131f4d6d53476a426c2f3,B,40,18,1.38,1,1,0,1,1,0.383357,0.383357,0.383357,0.382767,0.382767,0.382767,0,0,0,2,0.382767419,0.38335687,0,0.000589451,0,0,0,0,0,0,0,0,0,0,0,0,0,0,0,0,0,0,0,0,0,0,0,0,0
396,0xc2b7842df4d09b124989b6a9fd6aa4f819578509,B,34,15,294789.7,22,25,0,20,7,0.0486,12.91861,1.908496,0.01,24.75,2.163674,0,0,0,47,47.60081878,47.71240489,0,0.111586115,5,637.2498246,0,0,0,4,0,5,0,0,0,0,0,365,127.449965,0,0,0,0,0,0,0,5,None,Aragon
397,0xc2bf0f15ca9eb617da80d33794447f71bca5df08,B,41,15,260690.77,22,35,0,6,8,0.02,3.095815,0.375344,0.001,3.7,0.596639,0,0,0,57,13.12606068,13.1370308,0,0.010970125,5,451.6486028,0,0,0,5,0,5,0,0,0,0,0,443.212296,90.329721,0,0,0,0,0,0,0,5,None,DATAcoin
398,0xc2c3cbfc9e81ce3127f43d0c0daa96cefc882593,B,28,15,12.62,3,2,0,2,3,852.453629,1148.546371,1000.5,0.069154,1440.815594,666.999528,0,0,0,5,2000.998585,2001,0,0.001414909,0,0,0,0,0,0,0,0,0,0,0,0,0,0,0,0,0,0,0,0,0,0,0,0,0
399,0xc2d02ddedba39a0e2c06fc3ab5241de5e1893513,B,47,18,272879.12,32,46,0,5,1,0.252164,2.253377,0.672044,0.527314,2.253756,0.965171,0,0,0,78,30.88547377,30.91404523,0,0.028571458,0,0,0,0,0,0,0,0,0,0,0,0,0,0,0,0,0,0,0,0,0,0,0,0,0
400,0xc2d4d49918d713a64044ff94d95e2e16d9f82663,B,39,14,8.68,3,2,0,2,3,963.363985,1037.636015,1000.5,5.03,1339.577573,666.999528,0,0,0,5,2000.998585,2001,0,0.001414909,0,0,0,0,0,0,0,0,0,0,0,0,0,0,0,0,0,0,0,0,0,0,0,0,0
